,0,1,2,3,4,5,6,7,8,9,10,11,12,13,14,15,16,17,18,19,20,21,22,23,24,25
/raid/datasets/SemanticSegmentation/domain_adaptation/IDD_20k/gtFine/train/1/340676_gtFine_labellevel3Ids.png,1,1,0,1,0,1,1,0,1,1,1,0,0,0,1,0,0,0,0,0,1,1,1,0,1,1
/raid/datasets/SemanticSegmentation/domain_adaptation/IDD_20k/gtFine/train/1/820938_gtFine_labellevel3Ids.png,1,1,1,1,1,1,1,1,1,1,1,1,1,0,1,0,0,1,0,0,1,1,1,0,1,1
/raid/datasets/SemanticSegmentation/domain_adaptation/IDD_20k/gtFine/train/10/092196_gtFine_labellevel3Ids.png,1,1,0,0,1,1,1,1,1,0,0,0,1,0,0,0,0,1,1,0,1,1,1,0,0,1
/raid/datasets/SemanticSegmentation/domain_adaptation/IDD_20k/gtFine/train/100/148237_gtFine_labellevel3Ids.png,1,1,1,0,1,1,1,0,1,1,0,0,1,0,1,0,0,1,0,0,1,1,1,0,1,1
/raid/datasets/SemanticSegmentation/domain_adaptation/IDD_20k/gtFine/train/100/118495_gtFine_labellevel3Ids.png,1,1,1,0,1,1,1,0,0,1,0,0,0,0,1,1,1,1,1,0,1,1,1,0,1,1
/raid/datasets/SemanticSegmentation/domain_adaptation/IDD_20k/gtFine/train/100/351074_gtFine_labellevel3Ids.png,1,1,0,1,1,1,1,0,0,1,0,0,1,1,1,0,1,1,0,0,1,1,1,0,1,1
/raid/datasets/SemanticSegmentation/domain_adaptation/IDD_20k/gtFine/train/100/776852_gtFine_labellevel3Ids.png,1,1,1,0,1,1,1,0,0,1,0,1,1,1,1,1,1,1,0,0,1,1,1,0,1,1
/raid/datasets/SemanticSegmentation/domain_adaptation/IDD_20k/gtFine/train/100/850380_gtFine_labellevel3Ids.png,1,1,1,0,1,1,1,0,1,1,0,1,1,0,1,0,1,1,0,0,1,1,1,1,1,1
/raid/datasets/SemanticSegmentation/domain_adaptation/IDD_20k/gtFine/train/100/944813_gtFine_labellevel3Ids.png,1,1,1,0,1,1,1,0,1,1,1,0,1,1,0,0,0,1,0,0,1,1,1,0,1,1
/raid/datasets/SemanticSegmentation/domain_adaptation/IDD_20k/gtFine/train/102/404219_gtFine_labellevel3Ids.png,1,1,0,0,1,1,1,0,1,1,1,0,0,0,0,0,0,1,0,0,1,1,1,0,1,1
/raid/datasets/SemanticSegmentation/domain_adaptation/IDD_20k/gtFine/train/102/534166_gtFine_labellevel3Ids.png,1,1,0,0,1,0,1,0,0,0,0,0,1,0,0,0,0,1,1,0,1,1,1,0,0,0
/raid/datasets/SemanticSegmentation/domain_adaptation/IDD_20k/gtFine/train/102/724602_gtFine_labellevel3Ids.png,1,1,0,0,1,1,1,0,1,1,1,0,0,0,1,0,0,1,0,0,1,1,1,0,1,1
/raid/datasets/SemanticSegmentation/domain_adaptation/IDD_20k/gtFine/train/102/840351_gtFine_labellevel3Ids.png,1,0,0,0,0,0,0,0,1,1,1,0,0,0,1,0,0,1,0,0,0,1,1,0,1,0
/raid/datasets/SemanticSegmentation/domain_adaptation/IDD_20k/gtFine/train/102/922243_gtFine_labellevel3Ids.png,1,0,0,0,1,1,1,1,1,1,1,0,1,0,0,0,0,1,0,0,1,1,1,0,1,1
/raid/datasets/SemanticSegmentation/domain_adaptation/IDD_20k/gtFine/train/108/377335_gtFine_labellevel3Ids.png,1,1,1,0,1,1,1,0,0,1,1,0,0,1,0,0,0,1,1,1,1,1,1,0,1,1
/raid/datasets/SemanticSegmentation/domain_adaptation/IDD_20k/gtFine/train/108/220477_gtFine_labellevel3Ids.png,1,0,1,1,1,0,0,0,0,1,1,0,0,1,1,1,0,1,0,0,1,0,0,0,1,1
/raid/datasets/SemanticSegmentation/domain_adaptation/IDD_20k/gtFine/train/108/875578_gtFine_labellevel3Ids.png,1,1,1,0,0,0,0,0,0,1,0,0,0,0,1,0,0,1,0,0,1,1,1,0,1,1
/raid/datasets/SemanticSegmentation/domain_adaptation/IDD_20k/gtFine/train/11/033872_gtFine_labellevel3Ids.png,1,0,1,1,1,1,1,0,0,1,1,1,1,0,1,1,0,1,1,1,1,1,1,0,1,1
/raid/datasets/SemanticSegmentation/domain_adaptation/IDD_20k/gtFine/train/11/112144_gtFine_labellevel3Ids.png,1,1,1,0,1,1,1,0,1,1,0,1,1,1,1,1,0,0,1,0,1,1,1,0,1,1
/raid/datasets/SemanticSegmentation/domain_adaptation/IDD_20k/gtFine/train/11/724998_gtFine_labellevel3Ids.png,1,1,1,1,0,1,1,0,1,1,0,1,1,1,1,1,0,0,1,0,1,1,1,0,1,1
/raid/datasets/SemanticSegmentation/domain_adaptation/IDD_20k/gtFine/train/110/002290_gtFine_labellevel3Ids.png,1,0,1,0,0,1,1,0,1,1,0,1,0,0,1,0,1,1,0,0,1,1,1,0,0,1
/raid/datasets/SemanticSegmentation/domain_adaptation/IDD_20k/gtFine/train/110/001800_gtFine_labellevel3Ids.png,1,0,1,0,1,1,1,0,0,1,0,0,0,0,1,1,1,1,0,0,1,1,1,0,1,1
/raid/datasets/SemanticSegmentation/domain_adaptation/IDD_20k/gtFine/train/110/005311_gtFine_labellevel3Ids.png,1,0,1,0,1,1,1,0,1,1,1,1,1,1,1,0,1,1,1,0,1,1,1,0,1,1
/raid/datasets/SemanticSegmentation/domain_adaptation/IDD_20k/gtFine/train/110/007028_gtFine_labellevel3Ids.png,1,1,0,0,1,1,1,0,0,1,0,1,0,0,1,0,0,1,0,0,1,1,1,1,1,1
/raid/datasets/SemanticSegmentation/domain_adaptation/IDD_20k/gtFine/train/110/009326_gtFine_labellevel3Ids.png,1,1,0,0,0,1,1,0,0,1,0,0,1,1,1,0,0,0,0,0,1,1,1,1,0,1
/raid/datasets/SemanticSegmentation/domain_adaptation/IDD_20k/gtFine/train/110/009462_gtFine_labellevel3Ids.png,1,0,0,0,0,1,1,0,0,1,0,0,1,1,1,0,1,0,0,0,1,1,1,1,1,1
/raid/datasets/SemanticSegmentation/domain_adaptation/IDD_20k/gtFine/train/115/787881_gtFine_labellevel3Ids.png,1,0,1,0,1,1,1,0,1,1,1,1,1,1,0,1,0,0,1,1,1,1,1,1,1,1
/raid/datasets/SemanticSegmentation/domain_adaptation/IDD_20k/gtFine/train/121/134728_gtFine_labellevel3Ids.png,1,1,0,1,1,1,1,0,0,1,0,0,1,1,1,1,0,1,1,0,1,1,1,0,1,1
/raid/datasets/SemanticSegmentation/domain_adaptation/IDD_20k/gtFine/train/121/392136_gtFine_labellevel3Ids.png,1,1,0,1,1,1,1,0,0,1,0,1,1,1,1,0,0,1,0,0,1,1,1,0,1,1
/raid/datasets/SemanticSegmentation/domain_adaptation/IDD_20k/gtFine/train/121/501242_gtFine_labellevel3Ids.png,1,1,0,1,0,1,1,0,0,1,1,0,1,1,1,0,0,1,0,0,1,1,1,0,1,1
/raid/datasets/SemanticSegmentation/domain_adaptation/IDD_20k/gtFine/train/121/552804_gtFine_labellevel3Ids.png,1,1,0,1,1,1,1,0,1,1,1,1,1,1,0,0,0,1,0,0,1,1,1,0,1,1
/raid/datasets/SemanticSegmentation/domain_adaptation/IDD_20k/gtFine/train/121/832250_gtFine_labellevel3Ids.png,1,1,0,1,1,1,1,0,1,1,1,1,1,1,1,1,0,1,0,0,1,1,1,0,1,1
/raid/datasets/SemanticSegmentation/domain_adaptation/IDD_20k/gtFine/train/125/223851_gtFine_labellevel3Ids.png,1,1,0,1,0,1,1,0,1,1,1,0,0,1,0,0,0,1,0,0,1,1,0,0,1,1
/raid/datasets/SemanticSegmentation/domain_adaptation/IDD_20k/gtFine/train/125/491609_gtFine_labellevel3Ids.png,1,1,0,1,0,0,0,0,0,1,0,0,1,1,1,0,0,1,0,0,1,1,1,0,1,1
/raid/datasets/SemanticSegmentation/domain_adaptation/IDD_20k/gtFine/train/125/681207_gtFine_labellevel3Ids.png,1,1,0,1,1,1,1,0,0,0,0,0,1,0,1,0,0,1,0,0,1,1,1,0,1,1
/raid/datasets/SemanticSegmentation/domain_adaptation/IDD_20k/gtFine/train/127/189626_gtFine_labellevel3Ids.png,1,1,0,0,1,0,0,0,0,1,1,1,1,1,1,1,0,1,0,0,1,1,1,0,1,1
/raid/datasets/SemanticSegmentation/domain_adaptation/IDD_20k/gtFine/train/128/861980_gtFine_labellevel3Ids.png,1,1,1,1,1,1,1,0,0,1,0,0,0,1,1,0,0,0,0,0,1,1,1,0,1,1
/raid/datasets/SemanticSegmentation/domain_adaptation/IDD_20k/gtFine/train/130/003998_gtFine_labellevel3Ids.png,1,0,1,1,1,1,1,0,1,1,0,0,0,1,1,0,0,1,1,0,1,1,1,0,1,1
/raid/datasets/SemanticSegmentation/domain_adaptation/IDD_20k/gtFine/train/130/017314_gtFine_labellevel3Ids.png,1,1,1,0,0,1,1,0,0,1,0,1,1,1,1,1,0,0,0,0,1,1,1,0,1,1
/raid/datasets/SemanticSegmentation/domain_adaptation/IDD_20k/gtFine/train/131/433054_gtFine_labellevel3Ids.png,1,1,1,1,1,1,1,0,1,1,1,0,1,1,1,0,0,1,1,1,1,1,1,0,1,1
/raid/datasets/SemanticSegmentation/domain_adaptation/IDD_20k/gtFine/train/131/763099_gtFine_labellevel3Ids.png,1,1,0,0,1,1,1,0,1,1,1,0,1,0,0,0,0,1,0,0,1,1,1,0,1,1
/raid/datasets/SemanticSegmentation/domain_adaptation/IDD_20k/gtFine/train/131/856991_gtFine_labellevel3Ids.png,1,1,1,0,1,1,1,0,0,1,1,1,1,0,1,0,1,1,0,0,1,1,1,0,1,1
/raid/datasets/SemanticSegmentation/domain_adaptation/IDD_20k/gtFine/train/133/646830_gtFine_labellevel3Ids.png,1,1,0,1,0,1,1,0,1,1,0,0,1,1,1,0,0,1,0,0,1,1,1,0,1,1
/raid/datasets/SemanticSegmentation/domain_adaptation/IDD_20k/gtFine/train/133/826253_gtFine_labellevel3Ids.png,1,1,0,1,0,1,1,0,0,1,0,0,0,1,1,0,1,1,0,0,1,1,1,0,1,1
/raid/datasets/SemanticSegmentation/domain_adaptation/IDD_20k/gtFine/train/133/882160_gtFine_labellevel3Ids.png,1,1,0,1,0,1,1,0,0,1,1,0,1,1,1,0,0,1,0,0,1,1,1,0,1,1
/raid/datasets/SemanticSegmentation/domain_adaptation/IDD_20k/gtFine/train/135/131082_gtFine_labellevel3Ids.png,1,1,0,1,1,1,1,0,0,1,1,0,0,0,1,0,0,1,0,0,1,1,1,0,1,1
/raid/datasets/SemanticSegmentation/domain_adaptation/IDD_20k/gtFine/train/136/060024_gtFine_labellevel3Ids.png,1,1,0,1,1,1,1,0,1,1,0,1,1,1,1,0,0,1,0,0,1,1,1,0,1,0
/raid/datasets/SemanticSegmentation/domain_adaptation/IDD_20k/gtFine/train/136/419118_gtFine_labellevel3Ids.png,1,1,0,1,1,1,1,0,1,1,0,1,0,1,0,0,0,1,1,1,1,1,1,0,1,1
/raid/datasets/SemanticSegmentation/domain_adaptation/IDD_20k/gtFine/train/137/035844_gtFine_labellevel3Ids.png,1,0,1,1,1,1,1,0,1,1,0,1,0,1,1,0,0,1,1,0,1,1,1,1,1,1
/raid/datasets/SemanticSegmentation/domain_adaptation/IDD_20k/gtFine/train/139/021278_gtFine_labellevel3Ids.png,1,1,0,1,0,1,1,0,0,1,0,1,0,1,1,0,0,1,0,0,1,1,1,0,1,1
/raid/datasets/SemanticSegmentation/domain_adaptation/IDD_20k/gtFine/train/139/021952_gtFine_labellevel3Ids.png,1,1,0,1,0,0,0,0,0,1,1,0,1,1,1,0,0,1,0,0,1,1,1,0,1,1
/raid/datasets/SemanticSegmentation/domain_adaptation/IDD_20k/gtFine/train/141/003564_gtFine_labellevel3Ids.png,1,1,1,1,0,1,1,0,1,1,1,1,0,1,1,0,0,0,0,0,1,1,1,0,1,1
/raid/datasets/SemanticSegmentation/domain_adaptation/IDD_20k/gtFine/train/141/004038_gtFine_labellevel3Ids.png,1,1,1,1,0,1,1,0,1,1,1,0,0,0,1,1,0,1,0,0,1,1,1,0,1,1
/raid/datasets/SemanticSegmentation/domain_adaptation/IDD_20k/gtFine/train/141/005897_gtFine_labellevel3Ids.png,1,1,1,1,0,1,1,0,0,1,1,0,1,1,1,0,0,0,0,0,1,1,1,0,1,1
/raid/datasets/SemanticSegmentation/domain_adaptation/IDD_20k/gtFine/train/141/006648_gtFine_labellevel3Ids.png,1,1,1,1,1,1,1,0,1,1,1,0,1,0,1,0,0,1,1,0,1,1,1,0,1,1
/raid/datasets/SemanticSegmentation/domain_adaptation/IDD_20k/gtFine/train/141/020478_gtFine_labellevel3Ids.png,1,1,0,0,0,1,1,0,0,1,1,0,0,0,1,0,0,1,0,0,1,1,1,0,1,1
/raid/datasets/SemanticSegmentation/domain_adaptation/IDD_20k/gtFine/train/142/236284_gtFine_labellevel3Ids.png,1,1,1,1,1,1,1,0,1,1,1,1,1,0,1,1,0,1,1,0,1,1,1,0,1,1
/raid/datasets/SemanticSegmentation/domain_adaptation/IDD_20k/gtFine/train/144/530255_gtFine_labellevel3Ids.png,1,1,0,0,1,0,1,0,1,1,1,1,0,1,0,1,0,1,0,0,1,1,1,1,1,1
/raid/datasets/SemanticSegmentation/domain_adaptation/IDD_20k/gtFine/train/144/507979_gtFine_labellevel3Ids.png,1,1,0,1,0,0,0,0,0,1,1,1,1,1,1,0,0,0,0,0,1,1,1,1,1,1
/raid/datasets/SemanticSegmentation/domain_adaptation/IDD_20k/gtFine/train/144/585881_gtFine_labellevel3Ids.png,1,1,1,1,0,1,1,0,0,1,1,1,1,1,0,0,0,0,1,1,1,1,1,1,1,1
/raid/datasets/SemanticSegmentation/domain_adaptation/IDD_20k/gtFine/train/144/911796_gtFine_labellevel3Ids.png,1,1,0,1,0,0,0,0,0,1,1,0,1,1,1,0,1,1,1,0,1,1,0,1,1,1
/raid/datasets/SemanticSegmentation/domain_adaptation/IDD_20k/gtFine/train/145/041156_gtFine_labellevel3Ids.png,1,1,0,0,1,0,1,0,0,1,1,1,0,0,0,0,1,1,0,0,1,1,1,0,1,1
/raid/datasets/SemanticSegmentation/domain_adaptation/IDD_20k/gtFine/train/145/356618_gtFine_labellevel3Ids.png,1,1,0,1,1,1,1,1,1,0,1,0,1,0,1,0,0,1,0,0,1,1,1,0,1,1
/raid/datasets/SemanticSegmentation/domain_adaptation/IDD_20k/gtFine/train/146/000656_gtFine_labellevel3Ids.png,1,1,0,1,1,1,1,0,1,1,1,0,1,0,1,0,0,1,0,0,1,1,1,0,1,1
/raid/datasets/SemanticSegmentation/domain_adaptation/IDD_20k/gtFine/train/146/001707_gtFine_labellevel3Ids.png,1,1,0,0,1,1,1,0,1,1,1,0,1,0,1,1,0,1,0,0,1,1,1,0,1,1
/raid/datasets/SemanticSegmentation/domain_adaptation/IDD_20k/gtFine/train/151/394074_gtFine_labellevel3Ids.png,1,1,0,1,1,1,1,0,0,0,1,0,0,0,1,0,0,1,0,0,1,1,1,0,1,1
/raid/datasets/SemanticSegmentation/domain_adaptation/IDD_20k/gtFine/train/151/495487_gtFine_labellevel3Ids.png,1,1,0,1,0,1,1,0,0,0,0,0,0,1,1,1,0,0,0,0,1,1,1,0,1,1
/raid/datasets/SemanticSegmentation/domain_adaptation/IDD_20k/gtFine/train/151/994530_gtFine_labellevel3Ids.png,1,1,0,1,1,0,0,0,0,1,0,1,0,1,1,0,0,1,0,0,1,1,1,0,1,1
/raid/datasets/SemanticSegmentation/domain_adaptation/IDD_20k/gtFine/train/152/208509_gtFine_labellevel3Ids.png,1,1,0,1,1,1,1,0,0,1,1,1,0,1,1,1,0,1,0,0,1,1,1,0,1,1
/raid/datasets/SemanticSegmentation/domain_adaptation/IDD_20k/gtFine/train/152/506082_gtFine_labellevel3Ids.png,1,1,0,1,1,1,1,0,0,1,1,1,1,1,1,0,0,1,0,0,1,1,1,0,1,1
/raid/datasets/SemanticSegmentation/domain_adaptation/IDD_20k/gtFine/train/152/973352_gtFine_labellevel3Ids.png,1,1,0,1,1,1,1,0,0,1,1,1,1,1,1,0,0,1,0,0,1,1,1,0,1,1
/raid/datasets/SemanticSegmentation/domain_adaptation/IDD_20k/gtFine/train/154/094594_gtFine_labellevel3Ids.png,1,1,1,1,0,1,1,0,1,1,1,1,1,0,1,1,0,1,0,1,1,0,0,0,1,1
/raid/datasets/SemanticSegmentation/domain_adaptation/IDD_20k/gtFine/train/154/227004_gtFine_labellevel3Ids.png,1,1,1,1,0,1,1,0,1,1,1,1,1,1,1,0,0,1,1,1,1,1,1,0,1,1
/raid/datasets/SemanticSegmentation/domain_adaptation/IDD_20k/gtFine/train/154/857687_gtFine_labellevel3Ids.png,1,0,1,1,1,1,1,0,1,1,1,1,1,1,1,1,0,1,1,1,1,1,1,0,1,1
/raid/datasets/SemanticSegmentation/domain_adaptation/IDD_20k/gtFine/train/155/029233_gtFine_labellevel3Ids.png,1,1,1,1,1,1,1,0,1,1,1,0,1,0,1,0,0,1,1,0,1,1,1,0,1,1
/raid/datasets/SemanticSegmentation/domain_adaptation/IDD_20k/gtFine/train/155/145041_gtFine_labellevel3Ids.png,1,1,1,1,1,1,1,0,1,1,1,1,1,1,1,1,0,1,1,1,1,1,1,0,1,1
/raid/datasets/SemanticSegmentation/domain_adaptation/IDD_20k/gtFine/train/155/159573_gtFine_labellevel3Ids.png,1,1,1,1,1,1,1,0,1,1,0,0,1,1,1,0,0,1,0,0,1,1,1,0,1,1
/raid/datasets/SemanticSegmentation/domain_adaptation/IDD_20k/gtFine/train/155/318208_gtFine_labellevel3Ids.png,1,1,1,0,1,1,1,0,1,1,0,0,1,0,1,1,0,1,1,0,1,1,1,0,1,1
/raid/datasets/SemanticSegmentation/domain_adaptation/IDD_20k/gtFine/train/155/360613_gtFine_labellevel3Ids.png,1,1,0,0,1,1,1,1,1,1,1,0,0,0,1,1,0,1,0,0,1,1,1,0,1,1
/raid/datasets/SemanticSegmentation/domain_adaptation/IDD_20k/gtFine/train/155/437047_gtFine_labellevel3Ids.png,1,1,0,0,1,1,1,1,0,1,1,0,1,0,1,0,0,1,0,0,1,1,1,0,1,1
/raid/datasets/SemanticSegmentation/domain_adaptation/IDD_20k/gtFine/train/155/828020_gtFine_labellevel3Ids.png,1,1,1,1,1,1,1,0,1,1,0,0,0,1,1,1,0,1,0,0,1,1,1,0,1,1
/raid/datasets/SemanticSegmentation/domain_adaptation/IDD_20k/gtFine/train/155/839185_gtFine_labellevel3Ids.png,1,1,0,0,1,1,1,0,0,1,1,0,1,0,1,0,0,1,0,0,1,1,1,0,1,1
/raid/datasets/SemanticSegmentation/domain_adaptation/IDD_20k/gtFine/train/155/978312_gtFine_labellevel3Ids.png,1,1,1,0,1,1,1,0,0,1,0,0,0,0,1,1,0,1,0,0,1,1,1,0,1,1
/raid/datasets/SemanticSegmentation/domain_adaptation/IDD_20k/gtFine/train/156/822584_gtFine_labellevel3Ids.png,1,1,1,1,1,1,1,0,1,1,1,1,1,1,1,0,0,1,1,0,1,1,1,0,1,1
/raid/datasets/SemanticSegmentation/domain_adaptation/IDD_20k/gtFine/train/157/559947_gtFine_labellevel3Ids.png,1,1,0,1,1,0,0,0,0,1,0,0,0,1,0,1,1,1,1,0,1,1,1,0,1,1
/raid/datasets/SemanticSegmentation/domain_adaptation/IDD_20k/gtFine/train/157/796902_gtFine_labellevel3Ids.png,1,0,0,1,0,1,1,0,0,1,1,1,0,1,0,1,1,0,1,0,1,1,1,0,1,1
/raid/datasets/SemanticSegmentation/domain_adaptation/IDD_20k/gtFine/train/158/013210_gtFine_labellevel3Ids.png,1,0,0,0,0,1,1,0,1,1,0,0,1,0,1,1,0,1,0,0,1,1,0,0,1,1
/raid/datasets/SemanticSegmentation/domain_adaptation/IDD_20k/gtFine/train/158/278231_gtFine_labellevel3Ids.png,1,0,0,0,0,1,1,0,1,1,0,0,0,0,1,0,0,1,0,0,1,1,0,1,1,1
/raid/datasets/SemanticSegmentation/domain_adaptation/IDD_20k/gtFine/train/158/406061_gtFine_labellevel3Ids.png,1,1,0,0,0,1,1,0,1,1,0,0,1,0,1,1,0,0,0,0,1,1,0,0,1,1
/raid/datasets/SemanticSegmentation/domain_adaptation/IDD_20k/gtFine/train/158/724560_gtFine_labellevel3Ids.png,1,1,0,0,1,1,1,0,1,1,1,1,0,0,1,1,0,1,0,0,1,1,1,0,1,1
/raid/datasets/SemanticSegmentation/domain_adaptation/IDD_20k/gtFine/train/158/867833_gtFine_labellevel3Ids.png,1,1,0,0,1,1,1,1,1,1,1,0,1,0,1,0,0,1,0,0,1,1,1,0,1,1
/raid/datasets/SemanticSegmentation/domain_adaptation/IDD_20k/gtFine/train/158/945711_gtFine_labellevel3Ids.png,1,1,0,0,1,1,1,1,0,1,1,0,1,0,1,0,0,1,0,0,1,1,1,0,1,1
/raid/datasets/SemanticSegmentation/domain_adaptation/IDD_20k/gtFine/train/16/194750_gtFine_labellevel3Ids.png,1,1,0,0,1,1,0,0,1,1,1,0,0,0,1,0,0,1,0,0,1,1,1,0,1,1
/raid/datasets/SemanticSegmentation/domain_adaptation/IDD_20k/gtFine/train/160/440293_gtFine_labellevel3Ids.png,1,1,0,0,0,1,1,0,1,0,0,0,0,1,1,1,0,0,0,0,1,1,1,0,1,1
/raid/datasets/SemanticSegmentation/domain_adaptation/IDD_20k/gtFine/train/160/647350_gtFine_labellevel3Ids.png,1,1,0,0,1,1,1,0,1,0,0,0,0,1,1,1,0,0,1,0,1,1,1,0,1,1
/raid/datasets/SemanticSegmentation/domain_adaptation/IDD_20k/gtFine/train/162/151442_gtFine_labellevel3Ids.png,1,1,0,1,0,0,0,0,0,1,0,0,0,0,1,0,0,1,1,0,1,1,1,0,1,1
/raid/datasets/SemanticSegmentation/domain_adaptation/IDD_20k/gtFine/train/162/042403_gtFine_labellevel3Ids.png,1,1,0,1,0,1,0,0,0,0,1,1,1,0,1,0,0,1,0,0,1,1,1,0,1,1
/raid/datasets/SemanticSegmentation/domain_adaptation/IDD_20k/gtFine/train/162/485202_gtFine_labellevel3Ids.png,1,1,0,0,0,1,1,0,0,0,0,0,1,1,0,0,0,1,0,0,1,1,1,0,1,1
/raid/datasets/SemanticSegmentation/domain_adaptation/IDD_20k/gtFine/train/162/962748_gtFine_labellevel3Ids.png,1,1,0,1,0,1,0,0,0,1,0,1,0,0,0,0,0,1,0,0,1,1,1,0,1,1
/raid/datasets/SemanticSegmentation/domain_adaptation/IDD_20k/gtFine/train/163/633953_gtFine_labellevel3Ids.png,1,1,0,0,1,1,1,0,1,1,0,0,1,0,1,0,0,1,1,0,1,1,1,0,1,1
/raid/datasets/SemanticSegmentation/domain_adaptation/IDD_20k/gtFine/train/164/911649_gtFine_labellevel3Ids.png,1,0,1,1,0,0,0,0,0,1,0,0,0,1,1,1,0,1,0,0,1,1,1,0,1,1
/raid/datasets/SemanticSegmentation/domain_adaptation/IDD_20k/gtFine/train/168/825569_gtFine_labellevel3Ids.png,1,1,1,0,1,1,1,0,1,1,1,0,1,0,0,0,1,1,1,0,1,1,1,0,1,1
/raid/datasets/SemanticSegmentation/domain_adaptation/IDD_20k/gtFine/train/168/967337_gtFine_labellevel3Ids.png,1,0,1,0,1,1,1,0,1,1,1,0,1,0,1,0,0,1,0,1,1,1,1,0,1,1
/raid/datasets/SemanticSegmentation/domain_adaptation/IDD_20k/gtFine/train/170/507296_gtFine_labellevel3Ids.png,1,1,1,0,1,1,1,0,0,1,1,1,0,1,1,0,0,1,0,0,1,1,1,0,1,1
/raid/datasets/SemanticSegmentation/domain_adaptation/IDD_20k/gtFine/train/170/836923_gtFine_labellevel3Ids.png,1,1,1,1,1,1,1,1,0,1,0,1,0,0,1,1,0,1,1,1,1,1,1,0,1,1
/raid/datasets/SemanticSegmentation/domain_adaptation/IDD_20k/gtFine/train/171/597474_gtFine_labellevel3Ids.png,1,1,0,1,1,1,1,0,0,1,0,0,1,0,1,0,0,1,0,0,1,1,1,0,1,1
/raid/datasets/SemanticSegmentation/domain_adaptation/IDD_20k/gtFine/train/173/091944_gtFine_labellevel3Ids.png,1,1,0,1,1,1,1,0,1,1,1,1,1,1,1,0,0,1,1,1,1,1,1,0,1,1
/raid/datasets/SemanticSegmentation/domain_adaptation/IDD_20k/gtFine/train/173/217532_gtFine_labellevel3Ids.png,1,1,0,0,1,1,1,0,1,1,1,0,0,0,1,1,0,1,1,0,1,1,1,0,1,1
/raid/datasets/SemanticSegmentation/domain_adaptation/IDD_20k/gtFine/train/173/930632_gtFine_labellevel3Ids.png,1,1,0,1,1,1,1,0,1,1,0,0,1,1,1,0,0,1,1,0,1,1,1,0,1,1
/raid/datasets/SemanticSegmentation/domain_adaptation/IDD_20k/gtFine/train/174/231126_gtFine_labellevel3Ids.png,1,1,0,0,1,1,1,0,1,1,1,1,1,0,1,0,0,1,0,0,1,1,1,0,1,1
/raid/datasets/SemanticSegmentation/domain_adaptation/IDD_20k/gtFine/train/174/506646_gtFine_labellevel3Ids.png,1,1,1,0,1,1,1,0,1,1,0,0,1,0,1,1,0,1,0,0,1,1,1,0,1,1
/raid/datasets/SemanticSegmentation/domain_adaptation/IDD_20k/gtFine/train/175/536209_gtFine_labellevel3Ids.png,1,1,1,0,1,1,1,1,1,1,0,0,0,0,1,0,0,1,0,0,1,1,1,0,1,1
/raid/datasets/SemanticSegmentation/domain_adaptation/IDD_20k/gtFine/train/176/000502_gtFine_labellevel3Ids.png,1,1,0,0,1,1,1,0,1,1,1,0,1,0,0,0,0,1,0,0,1,1,1,0,1,1
/raid/datasets/SemanticSegmentation/domain_adaptation/IDD_20k/gtFine/train/178/302173_gtFine_labellevel3Ids.png,1,1,1,1,0,1,1,0,0,1,0,0,0,0,1,1,0,1,1,0,1,1,0,0,1,1
/raid/datasets/SemanticSegmentation/domain_adaptation/IDD_20k/gtFine/train/178/754612_gtFine_labellevel3Ids.png,1,1,1,1,1,1,1,0,1,1,1,1,1,1,1,0,0,1,0,0,1,1,1,0,1,1
/raid/datasets/SemanticSegmentation/domain_adaptation/IDD_20k/gtFine/train/2/110957_gtFine_labellevel3Ids.png,1,0,1,1,1,1,1,0,0,0,0,0,0,1,1,1,0,0,0,0,1,1,1,0,1,1
/raid/datasets/SemanticSegmentation/domain_adaptation/IDD_20k/gtFine/train/20/011791_gtFine_labellevel3Ids.png,1,1,1,1,0,1,1,0,0,1,1,1,0,1,1,0,0,0,1,0,1,1,0,0,1,1
/raid/datasets/SemanticSegmentation/domain_adaptation/IDD_20k/gtFine/train/20/012391_gtFine_labellevel3Ids.png,1,1,0,1,0,1,1,0,0,1,1,1,0,1,1,0,0,1,0,0,1,1,1,1,1,1
/raid/datasets/SemanticSegmentation/domain_adaptation/IDD_20k/gtFine/train/20/017729_gtFine_labellevel3Ids.png,1,1,1,1,1,1,1,0,1,1,0,1,1,1,1,0,0,1,1,1,1,1,1,1,1,1
/raid/datasets/SemanticSegmentation/domain_adaptation/IDD_20k/gtFine/train/20/028077_gtFine_labellevel3Ids.png,1,0,1,0,1,1,1,0,1,1,0,1,1,1,1,0,0,1,1,0,1,1,1,0,1,1
/raid/datasets/SemanticSegmentation/domain_adaptation/IDD_20k/gtFine/train/203/frame1252_gtFine_labellevel3Ids.png,1,1,0,1,0,0,0,0,0,1,0,0,1,1,0,0,0,0,1,0,1,1,0,0,1,1
/raid/datasets/SemanticSegmentation/domain_adaptation/IDD_20k/gtFine/train/204/frame11282_gtFine_labellevel3Ids.png,1,1,0,1,0,1,1,0,1,1,0,0,1,0,0,0,0,0,1,0,1,1,0,0,1,1
/raid/datasets/SemanticSegmentation/domain_adaptation/IDD_20k/gtFine/train/204/frame10437_gtFine_labellevel3Ids.png,1,1,0,1,0,1,1,0,0,1,1,0,0,0,0,0,0,0,0,0,0,1,0,0,1,1
/raid/datasets/SemanticSegmentation/domain_adaptation/IDD_20k/gtFine/train/204/frame1221_gtFine_labellevel3Ids.png,1,1,0,1,1,1,1,0,0,1,1,0,1,1,0,0,0,1,0,0,1,1,1,0,1,1
/raid/datasets/SemanticSegmentation/domain_adaptation/IDD_20k/gtFine/train/204/frame3377_gtFine_labellevel3Ids.png,1,1,0,1,0,1,1,0,1,1,1,0,1,1,1,0,0,1,0,0,1,1,0,0,1,1
/raid/datasets/SemanticSegmentation/domain_adaptation/IDD_20k/gtFine/train/204/frame8927_gtFine_labellevel3Ids.png,1,1,0,1,0,1,1,0,0,1,1,1,0,1,1,1,0,1,0,0,1,1,1,0,1,1
/raid/datasets/SemanticSegmentation/domain_adaptation/IDD_20k/gtFine/train/207/frame5294_gtFine_labellevel3Ids.png,0,1,0,1,1,0,1,0,0,0,0,0,0,0,0,0,0,0,0,0,0,1,0,0,1,1
/raid/datasets/SemanticSegmentation/domain_adaptation/IDD_20k/gtFine/train/213/frame0749_gtFine_labellevel3Ids.png,1,1,0,0,1,1,1,0,1,1,1,1,1,1,1,1,1,1,1,0,1,1,1,1,1,1
/raid/datasets/SemanticSegmentation/domain_adaptation/IDD_20k/gtFine/train/213/frame26658_gtFine_labellevel3Ids.png,1,1,0,0,0,1,1,0,0,1,1,0,0,1,0,0,0,1,1,0,1,1,0,0,1,1
/raid/datasets/SemanticSegmentation/domain_adaptation/IDD_20k/gtFine/train/213/frame39953_gtFine_labellevel3Ids.png,1,0,0,0,0,0,0,0,0,1,0,0,0,1,0,0,0,1,1,0,1,1,0,0,1,1
/raid/datasets/SemanticSegmentation/domain_adaptation/IDD_20k/gtFine/train/213/frame5284_gtFine_labellevel3Ids.png,1,1,1,1,0,1,1,0,0,1,0,0,1,1,0,0,1,1,0,0,1,1,0,0,1,1
/raid/datasets/SemanticSegmentation/domain_adaptation/IDD_20k/gtFine/train/213/frame66749_gtFine_labellevel3Ids.png,1,0,0,0,1,0,0,0,0,0,0,0,0,1,1,0,0,1,1,0,1,1,1,0,1,1
/raid/datasets/SemanticSegmentation/domain_adaptation/IDD_20k/gtFine/train/216/frame0091_gtFine_labellevel3Ids.png,1,1,0,1,1,1,0,0,1,0,0,0,1,0,0,0,0,0,0,0,1,1,1,0,1,1
/raid/datasets/SemanticSegmentation/domain_adaptation/IDD_20k/gtFine/train/216/frame0825_gtFine_labellevel3Ids.png,1,1,0,1,0,1,1,0,0,0,0,0,1,0,1,0,1,0,0,0,1,1,0,0,1,1
/raid/datasets/SemanticSegmentation/domain_adaptation/IDD_20k/gtFine/train/218/frame4585_gtFine_labellevel3Ids.png,1,1,0,1,0,0,0,0,0,1,0,0,1,1,1,0,1,1,0,0,1,1,1,1,1,1
/raid/datasets/SemanticSegmentation/domain_adaptation/IDD_20k/gtFine/train/223/frame6704_gtFine_labellevel3Ids.png,1,1,0,0,1,1,1,0,1,1,1,0,1,0,1,0,0,1,0,0,1,1,1,0,1,1
/raid/datasets/SemanticSegmentation/domain_adaptation/IDD_20k/gtFine/train/23/600292_gtFine_labellevel3Ids.png,1,1,0,1,1,1,1,0,1,1,1,1,1,1,0,1,0,1,1,0,1,1,1,0,1,1
/raid/datasets/SemanticSegmentation/domain_adaptation/IDD_20k/gtFine/train/230/frame18212_gtFine_labellevel3Ids.png,1,0,0,0,1,1,1,0,1,1,1,1,1,1,0,0,0,1,1,0,1,1,1,0,1,1
/raid/datasets/SemanticSegmentation/domain_adaptation/IDD_20k/gtFine/train/230/frame35005_gtFine_labellevel3Ids.png,1,1,0,0,1,1,1,0,1,1,1,1,1,1,0,0,0,1,1,0,1,1,1,0,1,1
/raid/datasets/SemanticSegmentation/domain_adaptation/IDD_20k/gtFine/train/230/frame61394_gtFine_labellevel3Ids.png,1,1,0,1,1,1,1,0,1,1,1,0,1,1,1,0,0,1,1,0,1,1,1,1,1,1
/raid/datasets/SemanticSegmentation/domain_adaptation/IDD_20k/gtFine/train/230/frame87166_gtFine_labellevel3Ids.png,1,1,1,1,1,1,1,0,1,1,0,0,1,1,1,0,0,1,1,0,1,1,1,1,1,1
/raid/datasets/SemanticSegmentation/domain_adaptation/IDD_20k/gtFine/train/231/frame5087_gtFine_labellevel3Ids.png,0,1,0,1,0,0,0,0,0,0,0,0,0,0,0,0,0,0,0,0,0,1,0,0,1,1
/raid/datasets/SemanticSegmentation/domain_adaptation/IDD_20k/gtFine/train/231/frame1967_gtFine_labellevel3Ids.png,1,1,0,1,0,1,1,0,1,0,0,0,0,0,0,0,0,0,0,0,1,0,0,0,1,1
/raid/datasets/SemanticSegmentation/domain_adaptation/IDD_20k/gtFine/train/235/frame11912_gtFine_labellevel3Ids.png,1,1,0,0,1,1,1,0,0,1,0,1,0,1,1,1,0,1,0,0,1,1,1,0,1,1
/raid/datasets/SemanticSegmentation/domain_adaptation/IDD_20k/gtFine/train/237/frame0024_gtFine_labellevel3Ids.png,1,1,0,0,1,1,1,0,1,1,1,0,1,1,1,0,0,1,1,0,1,1,1,0,1,1
/raid/datasets/SemanticSegmentation/domain_adaptation/IDD_20k/gtFine/train/237/frame12112_gtFine_labellevel3Ids.png,1,1,0,0,1,1,1,1,1,0,0,1,1,0,0,0,0,1,0,0,1,1,1,1,1,1
/raid/datasets/SemanticSegmentation/domain_adaptation/IDD_20k/gtFine/train/237/frame60112_gtFine_labellevel3Ids.png,1,1,0,0,1,1,1,1,0,0,0,0,0,0,0,0,0,1,0,0,1,1,1,0,0,1
/raid/datasets/SemanticSegmentation/domain_adaptation/IDD_20k/gtFine/train/237/frame67544_gtFine_labellevel3Ids.png,1,1,0,0,1,1,1,0,1,1,0,0,1,0,0,0,0,1,0,0,1,1,1,0,1,1
/raid/datasets/SemanticSegmentation/domain_adaptation/IDD_20k/gtFine/train/237/frame8609_gtFine_labellevel3Ids.png,1,1,0,0,1,1,1,1,1,1,1,1,1,0,1,0,0,1,0,0,1,1,1,0,1,1
/raid/datasets/SemanticSegmentation/domain_adaptation/IDD_20k/gtFine/train/237/frame8984_gtFine_labellevel3Ids.png,1,1,0,1,1,1,1,1,1,0,1,1,1,0,1,1,0,1,0,0,1,1,1,0,1,1
/raid/datasets/SemanticSegmentation/domain_adaptation/IDD_20k/gtFine/train/238/frame0185_gtFine_labellevel3Ids.png,1,1,0,1,0,0,1,0,0,0,0,0,0,0,0,0,0,0,0,0,1,1,0,0,1,1
/raid/datasets/SemanticSegmentation/domain_adaptation/IDD_20k/gtFine/train/243/frame3239_gtFine_labellevel3Ids.png,1,0,0,0,1,1,1,0,1,1,1,1,1,1,1,1,0,1,1,0,1,1,1,0,1,1
/raid/datasets/SemanticSegmentation/domain_adaptation/IDD_20k/gtFine/train/243/frame7649_gtFine_labellevel3Ids.png,1,1,0,0,1,1,1,0,1,1,0,0,1,1,0,1,0,1,1,0,1,1,1,0,1,1
/raid/datasets/SemanticSegmentation/domain_adaptation/IDD_20k/gtFine/train/247/frame3599_gtFine_labellevel3Ids.png,1,1,0,0,1,1,1,0,1,1,1,1,1,1,0,0,0,1,0,0,1,1,1,0,1,1
/raid/datasets/SemanticSegmentation/domain_adaptation/IDD_20k/gtFine/train/25/734383_gtFine_labellevel3Ids.png,1,1,1,1,1,0,0,0,1,1,1,0,1,1,1,0,0,0,0,0,1,1,1,0,1,1
/raid/datasets/SemanticSegmentation/domain_adaptation/IDD_20k/gtFine/train/250/frame2772_gtFine_labellevel3Ids.png,1,1,0,1,0,1,1,0,0,1,1,0,0,0,0,0,0,0,0,0,1,1,0,0,1,1
/raid/datasets/SemanticSegmentation/domain_adaptation/IDD_20k/gtFine/train/250/frame4688_gtFine_labellevel3Ids.png,1,1,0,1,1,0,1,0,0,0,0,0,0,0,0,0,0,0,0,0,1,1,1,0,1,1
/raid/datasets/SemanticSegmentation/domain_adaptation/IDD_20k/gtFine/train/252/frame0919_gtFine_labellevel3Ids.png,1,1,0,1,1,1,1,0,0,1,0,0,1,1,1,1,0,1,0,0,1,1,1,0,1,1
/raid/datasets/SemanticSegmentation/domain_adaptation/IDD_20k/gtFine/train/252/frame11935_gtFine_labellevel3Ids.png,1,1,0,1,1,0,1,0,0,1,0,0,1,0,1,0,0,0,0,0,1,1,1,0,1,1
/raid/datasets/SemanticSegmentation/domain_adaptation/IDD_20k/gtFine/train/261/frame4799_gtFine_labellevel3Ids.png,1,0,1,1,0,0,0,0,0,0,0,0,1,1,1,1,0,0,0,0,1,1,1,0,1,1
/raid/datasets/SemanticSegmentation/domain_adaptation/IDD_20k/gtFine/train/261/frame6449_gtFine_labellevel3Ids.png,0,1,0,1,1,0,0,0,0,0,0,0,0,1,1,1,0,0,0,0,1,1,1,0,1,1
/raid/datasets/SemanticSegmentation/domain_adaptation/IDD_20k/gtFine/train/262/frame1823_gtFine_labellevel3Ids.png,1,1,0,1,0,0,0,0,0,1,1,0,1,1,1,0,0,0,0,0,1,1,1,1,1,1
/raid/datasets/SemanticSegmentation/domain_adaptation/IDD_20k/gtFine/train/263/frame21818_gtFine_labellevel3Ids.png,1,1,1,0,1,1,1,0,1,1,1,0,1,1,0,1,0,0,1,0,1,1,1,0,1,1
/raid/datasets/SemanticSegmentation/domain_adaptation/IDD_20k/gtFine/train/263/frame42315_gtFine_labellevel3Ids.png,1,1,1,1,1,1,1,0,0,0,0,0,0,1,1,1,0,1,1,0,1,1,1,0,1,1
/raid/datasets/SemanticSegmentation/domain_adaptation/IDD_20k/gtFine/train/263/frame44804_gtFine_labellevel3Ids.png,1,1,1,1,1,1,1,0,1,0,0,0,0,1,1,0,0,0,1,0,1,1,1,0,1,1
/raid/datasets/SemanticSegmentation/domain_adaptation/IDD_20k/gtFine/train/265/frame0000_gtFine_labellevel3Ids.png,1,1,0,1,1,0,0,0,0,0,0,0,0,0,0,0,0,0,0,0,1,1,1,0,1,1
/raid/datasets/SemanticSegmentation/domain_adaptation/IDD_20k/gtFine/train/266/frame0208_gtFine_labellevel3Ids.png,1,1,0,0,1,0,0,0,1,1,0,1,1,1,0,0,0,1,1,0,1,1,1,0,1,1
/raid/datasets/SemanticSegmentation/domain_adaptation/IDD_20k/gtFine/train/266/frame11462_gtFine_labellevel3Ids.png,1,1,0,1,1,1,1,0,1,1,1,0,1,1,0,0,0,1,1,0,1,1,1,1,1,1
/raid/datasets/SemanticSegmentation/domain_adaptation/IDD_20k/gtFine/train/266/frame5618_gtFine_labellevel3Ids.png,1,1,0,0,1,1,1,0,1,1,1,0,0,1,1,0,0,1,1,0,1,1,1,0,1,1
/raid/datasets/SemanticSegmentation/domain_adaptation/IDD_20k/gtFine/train/266/frame6758_gtFine_labellevel3Ids.png,1,1,0,0,0,1,1,0,1,1,1,0,0,1,0,0,0,1,1,0,1,1,1,0,1,1
/raid/datasets/SemanticSegmentation/domain_adaptation/IDD_20k/gtFine/train/268/frame10092_gtFine_labellevel3Ids.png,1,1,0,1,1,0,0,0,0,0,0,0,0,0,0,0,0,0,0,0,1,1,0,0,1,1
/raid/datasets/SemanticSegmentation/domain_adaptation/IDD_20k/gtFine/train/268/frame12063_gtFine_labellevel3Ids.png,1,1,0,1,1,0,0,0,0,0,0,0,0,0,0,0,0,0,0,0,0,1,0,0,1,1
/raid/datasets/SemanticSegmentation/domain_adaptation/IDD_20k/gtFine/train/268/frame21869_gtFine_labellevel3Ids.png,1,1,0,1,0,0,0,0,0,1,0,0,1,0,0,0,0,0,1,0,1,1,0,0,1,1
/raid/datasets/SemanticSegmentation/domain_adaptation/IDD_20k/gtFine/train/268/frame9906_gtFine_labellevel3Ids.png,1,1,0,1,1,0,0,0,0,0,0,0,0,0,0,0,0,0,0,0,1,1,0,0,1,1
/raid/datasets/SemanticSegmentation/domain_adaptation/IDD_20k/gtFine/train/275/frame11026_gtFine_labellevel3Ids.png,1,1,0,1,1,1,1,0,1,1,1,1,1,1,1,0,0,1,1,0,1,1,1,0,1,1
/raid/datasets/SemanticSegmentation/domain_adaptation/IDD_20k/gtFine/train/275/frame1899_gtFine_labellevel3Ids.png,1,1,0,1,1,1,1,0,1,1,1,1,1,1,1,1,0,1,0,0,1,1,1,0,1,1
/raid/datasets/SemanticSegmentation/domain_adaptation/IDD_20k/gtFine/train/275/frame22336_gtFine_labellevel3Ids.png,1,1,0,0,1,1,1,0,1,1,1,1,1,1,0,0,0,1,1,0,1,1,1,0,1,1
/raid/datasets/SemanticSegmentation/domain_adaptation/IDD_20k/gtFine/train/275/frame2601_gtFine_labellevel3Ids.png,1,1,0,1,1,1,1,1,1,1,1,1,1,1,1,0,0,1,1,0,1,1,1,0,1,1
/raid/datasets/SemanticSegmentation/domain_adaptation/IDD_20k/gtFine/train/277/frame15471_gtFine_labellevel3Ids.png,1,1,0,1,0,0,0,0,0,1,1,0,1,1,0,1,1,1,1,0,1,1,1,0,1,1
/raid/datasets/SemanticSegmentation/domain_adaptation/IDD_20k/gtFine/train/277/frame18280_gtFine_labellevel3Ids.png,1,1,0,1,1,0,0,0,0,1,0,0,0,1,0,0,1,1,1,0,1,1,1,0,1,1
/raid/datasets/SemanticSegmentation/domain_adaptation/IDD_20k/gtFine/train/28/008720_gtFine_labellevel3Ids.png,1,1,0,1,1,1,1,0,1,1,1,1,1,0,1,0,0,1,0,0,1,1,1,0,1,1
/raid/datasets/SemanticSegmentation/domain_adaptation/IDD_20k/gtFine/train/28/013826_gtFine_labellevel3Ids.png,1,1,0,1,0,0,0,0,0,0,1,1,0,0,1,0,0,1,0,0,1,1,1,0,1,1
/raid/datasets/SemanticSegmentation/domain_adaptation/IDD_20k/gtFine/train/283/frame2647_gtFine_labellevel3Ids.png,1,1,0,1,1,0,1,0,0,1,0,0,0,1,0,1,0,0,1,0,1,1,1,0,1,1
/raid/datasets/SemanticSegmentation/domain_adaptation/IDD_20k/gtFine/train/288/frame29433_gtFine_labellevel3Ids.png,0,1,0,1,0,0,0,0,0,0,0,0,0,0,0,0,0,0,0,0,0,1,0,0,1,1
/raid/datasets/SemanticSegmentation/domain_adaptation/IDD_20k/gtFine/train/288/frame29756_gtFine_labellevel3Ids.png,0,1,0,1,0,0,0,0,0,0,0,0,0,0,0,0,0,0,0,0,0,1,0,0,1,1
/raid/datasets/SemanticSegmentation/domain_adaptation/IDD_20k/gtFine/train/288/frame30057_gtFine_labellevel3Ids.png,0,1,0,1,0,0,0,0,0,0,0,0,0,0,0,0,0,0,0,0,0,1,0,0,1,1
/raid/datasets/SemanticSegmentation/domain_adaptation/IDD_20k/gtFine/train/29/078035_gtFine_labellevel3Ids.png,1,1,1,0,1,1,1,0,1,1,0,1,1,0,1,0,0,1,0,0,1,1,1,0,1,1
/raid/datasets/SemanticSegmentation/domain_adaptation/IDD_20k/gtFine/train/29/253731_gtFine_labellevel3Ids.png,1,1,1,1,0,1,1,0,1,1,1,0,0,0,1,0,0,1,1,0,1,1,1,0,1,1
/raid/datasets/SemanticSegmentation/domain_adaptation/IDD_20k/gtFine/train/29/199653_gtFine_labellevel3Ids.png,1,1,1,1,1,1,1,0,1,1,0,0,0,1,1,1,0,1,1,0,1,1,1,0,1,1
/raid/datasets/SemanticSegmentation/domain_adaptation/IDD_20k/gtFine/train/29/204957_gtFine_labellevel3Ids.png,1,1,1,1,1,1,1,0,1,1,1,0,1,1,1,0,0,1,0,0,1,1,1,0,1,1
/raid/datasets/SemanticSegmentation/domain_adaptation/IDD_20k/gtFine/train/29/773794_gtFine_labellevel3Ids.png,1,1,1,0,1,1,1,0,1,1,0,1,0,1,1,0,0,1,0,0,1,1,1,0,1,1
/raid/datasets/SemanticSegmentation/domain_adaptation/IDD_20k/gtFine/train/302/frame14196_gtFine_labellevel3Ids.png,1,1,0,0,1,1,1,1,1,0,0,0,1,0,0,0,0,1,0,0,1,1,1,0,1,1
/raid/datasets/SemanticSegmentation/domain_adaptation/IDD_20k/gtFine/train/302/frame17815_gtFine_labellevel3Ids.png,1,1,0,1,1,1,1,0,1,1,1,0,1,0,1,1,0,1,1,0,1,1,1,0,1,1
/raid/datasets/SemanticSegmentation/domain_adaptation/IDD_20k/gtFine/train/305/frame0830_gtFine_labellevel3Ids.png,1,1,0,0,0,1,1,0,0,1,1,1,1,1,0,0,0,1,0,0,1,1,1,1,1,1
/raid/datasets/SemanticSegmentation/domain_adaptation/IDD_20k/gtFine/train/306/frame4088_gtFine_labellevel3Ids.png,1,0,0,1,0,0,0,0,0,1,1,0,0,1,0,0,1,0,1,0,1,1,0,0,1,1
/raid/datasets/SemanticSegmentation/domain_adaptation/IDD_20k/gtFine/train/308/frame0250_gtFine_labellevel3Ids.png,1,0,0,0,1,1,1,0,1,1,1,0,1,0,1,0,0,1,1,0,1,1,1,1,1,1
/raid/datasets/SemanticSegmentation/domain_adaptation/IDD_20k/gtFine/train/309/frame0449_gtFine_labellevel3Ids.png,1,1,0,1,1,0,1,0,0,1,1,0,0,0,1,0,0,0,0,0,1,1,1,0,1,1
/raid/datasets/SemanticSegmentation/domain_adaptation/IDD_20k/gtFine/train/31/118091_gtFine_labellevel3Ids.png,1,1,1,0,1,1,1,0,1,1,1,1,1,1,1,1,0,1,1,0,1,1,1,0,1,1
/raid/datasets/SemanticSegmentation/domain_adaptation/IDD_20k/gtFine/train/311/frame0239_gtFine_labellevel3Ids.png,0,1,0,1,1,0,0,0,1,1,0,0,0,0,1,1,0,0,0,0,1,1,1,0,1,1
/raid/datasets/SemanticSegmentation/domain_adaptation/IDD_20k/gtFine/train/316/frame24070_gtFine_labellevel3Ids.png,1,1,0,1,1,1,1,0,1,1,1,1,1,1,1,0,0,1,1,0,1,1,1,0,1,1
/raid/datasets/SemanticSegmentation/domain_adaptation/IDD_20k/gtFine/train/316/frame26332_gtFine_labellevel3Ids.png,1,1,0,0,1,1,1,0,1,1,1,1,1,1,1,0,1,1,1,0,1,1,1,1,1,1
/raid/datasets/SemanticSegmentation/domain_adaptation/IDD_20k/gtFine/train/316/frame27235_gtFine_labellevel3Ids.png,1,0,1,0,0,1,0,0,1,1,1,1,1,1,1,0,1,1,1,1,1,1,1,1,1,1
/raid/datasets/SemanticSegmentation/domain_adaptation/IDD_20k/gtFine/train/316/frame3191_gtFine_labellevel3Ids.png,1,1,0,1,1,1,1,0,1,1,1,1,1,1,0,0,0,1,1,0,1,1,1,0,1,1
/raid/datasets/SemanticSegmentation/domain_adaptation/IDD_20k/gtFine/train/317/frame0467_gtFine_labellevel3Ids.png,1,1,0,1,1,1,1,0,1,1,0,1,1,1,1,0,0,1,0,0,1,1,1,0,1,1
/raid/datasets/SemanticSegmentation/domain_adaptation/IDD_20k/gtFine/train/32/052389_gtFine_labellevel3Ids.png,1,1,1,1,1,1,1,0,1,1,1,0,1,1,0,0,0,1,0,0,1,1,1,0,1,1
/raid/datasets/SemanticSegmentation/domain_adaptation/IDD_20k/gtFine/train/32/215259_gtFine_labellevel3Ids.png,1,1,0,1,0,1,1,0,1,1,0,1,0,1,1,0,0,1,0,0,1,1,1,0,1,1
/raid/datasets/SemanticSegmentation/domain_adaptation/IDD_20k/gtFine/train/32/327615_gtFine_labellevel3Ids.png,1,1,1,1,1,1,1,0,1,1,1,0,1,1,1,0,0,1,0,0,1,1,1,0,1,1
/raid/datasets/SemanticSegmentation/domain_adaptation/IDD_20k/gtFine/train/320/frame13795_gtFine_labellevel3Ids.png,1,1,0,1,1,1,1,0,0,1,0,0,1,1,1,1,0,1,1,0,1,1,1,0,1,1
/raid/datasets/SemanticSegmentation/domain_adaptation/IDD_20k/gtFine/train/320/frame5499_gtFine_labellevel3Ids.png,1,1,0,1,0,1,1,0,1,1,1,1,0,1,1,0,0,1,0,0,1,1,1,0,1,1
/raid/datasets/SemanticSegmentation/domain_adaptation/IDD_20k/gtFine/train/320/frame8979_gtFine_labellevel3Ids.png,1,1,0,1,1,1,1,0,1,1,1,1,1,1,1,0,0,1,0,0,1,1,1,0,1,1
/raid/datasets/SemanticSegmentation/domain_adaptation/IDD_20k/gtFine/train/334/frame2037_gtFine_labellevel3Ids.png,1,0,0,1,0,0,0,0,0,1,1,0,1,1,0,0,1,0,1,0,1,1,1,0,1,1
/raid/datasets/SemanticSegmentation/domain_adaptation/IDD_20k/gtFine/train/338/frame16339_gtFine_labellevel3Ids.png,1,1,0,1,0,0,0,0,0,1,1,0,1,1,1,0,1,0,1,0,1,1,1,0,1,1
/raid/datasets/SemanticSegmentation/domain_adaptation/IDD_20k/gtFine/train/338/frame48771_gtFine_labellevel3Ids.png,1,1,0,1,0,0,0,0,0,1,1,0,1,1,0,0,1,0,1,0,1,1,1,0,1,1
/raid/datasets/SemanticSegmentation/domain_adaptation/IDD_20k/gtFine/train/338/frame60308_gtFine_labellevel3Ids.png,1,1,0,1,0,0,0,0,0,1,1,0,0,1,0,0,1,0,1,0,1,1,0,0,1,1
/raid/datasets/SemanticSegmentation/domain_adaptation/IDD_20k/gtFine/train/338/frame61726_gtFine_labellevel3Ids.png,1,1,0,1,0,0,0,0,0,1,0,0,0,1,0,1,1,0,0,0,1,1,0,0,1,1
/raid/datasets/SemanticSegmentation/domain_adaptation/IDD_20k/gtFine/train/34/775227_gtFine_labellevel3Ids.png,1,1,1,0,1,1,1,0,0,1,1,0,1,0,1,0,0,1,0,0,1,1,1,0,1,1
/raid/datasets/SemanticSegmentation/domain_adaptation/IDD_20k/gtFine/train/34/850872_gtFine_labellevel3Ids.png,1,1,1,1,0,1,1,0,1,1,1,0,1,1,1,0,0,1,0,0,1,1,1,1,1,1
/raid/datasets/SemanticSegmentation/domain_adaptation/IDD_20k/gtFine/train/347/frame9131_gtFine_labellevel3Ids.png,1,1,0,0,1,1,1,1,1,0,1,0,1,0,0,0,0,1,0,0,1,1,1,0,1,1
/raid/datasets/SemanticSegmentation/domain_adaptation/IDD_20k/gtFine/train/350/frame7920_gtFine_labellevel3Ids.png,1,1,0,1,1,0,1,0,0,0,0,0,0,0,0,0,0,0,0,0,1,1,0,0,1,1
/raid/datasets/SemanticSegmentation/domain_adaptation/IDD_20k/gtFine/train/350/frame8040_gtFine_labellevel3Ids.png,1,1,0,1,0,0,1,0,0,0,0,0,0,0,0,0,0,0,0,0,1,1,0,0,1,1
/raid/datasets/SemanticSegmentation/domain_adaptation/IDD_20k/gtFine/train/354/frame0011_gtFine_labellevel3Ids.png,1,1,0,1,0,0,0,0,0,0,0,0,1,0,0,0,0,0,1,0,1,1,0,0,1,1
/raid/datasets/SemanticSegmentation/domain_adaptation/IDD_20k/gtFine/train/355/frame3633_gtFine_labellevel3Ids.png,1,1,0,0,1,1,1,1,1,1,1,0,1,1,1,0,0,1,1,0,1,1,1,0,1,1
/raid/datasets/SemanticSegmentation/domain_adaptation/IDD_20k/gtFine/train/356/frame1171_gtFine_labellevel3Ids.png,1,0,0,1,0,0,0,0,0,1,1,0,0,1,0,0,1,0,1,0,1,1,0,0,1,1
/raid/datasets/SemanticSegmentation/domain_adaptation/IDD_20k/gtFine/train/356/frame1823_gtFine_labellevel3Ids.png,1,1,1,1,0,0,0,0,0,1,1,0,0,1,0,0,1,0,0,0,1,0,1,0,1,1
/raid/datasets/SemanticSegmentation/domain_adaptation/IDD_20k/gtFine/train/36/002519_gtFine_labellevel3Ids.png,1,1,1,1,1,1,1,0,1,1,0,1,1,1,1,1,0,1,0,1,1,1,1,0,1,1
/raid/datasets/SemanticSegmentation/domain_adaptation/IDD_20k/gtFine/train/36/008287_gtFine_labellevel3Ids.png,1,1,1,1,0,1,1,0,1,1,1,0,0,1,1,0,0,1,0,0,1,1,1,0,1,1
/raid/datasets/SemanticSegmentation/domain_adaptation/IDD_20k/gtFine/train/36/021586_gtFine_labellevel3Ids.png,1,1,0,1,1,1,1,0,1,1,0,1,1,1,1,0,0,1,0,0,1,1,1,0,1,1
/raid/datasets/SemanticSegmentation/domain_adaptation/IDD_20k/gtFine/train/361/frame4702_gtFine_labellevel3Ids.png,1,0,0,1,0,0,0,0,0,1,1,0,1,1,1,0,1,0,0,0,1,1,1,0,1,1
/raid/datasets/SemanticSegmentation/domain_adaptation/IDD_20k/gtFine/train/361/frame3562_gtFine_labellevel3Ids.png,1,0,0,1,0,0,0,0,0,1,1,0,0,1,0,0,1,0,1,0,1,1,1,0,1,1
/raid/datasets/SemanticSegmentation/domain_adaptation/IDD_20k/gtFine/train/37/003594_gtFine_labellevel3Ids.png,1,1,1,0,1,0,1,0,0,1,0,0,0,0,1,1,0,1,1,0,1,1,1,0,1,1
/raid/datasets/SemanticSegmentation/domain_adaptation/IDD_20k/gtFine/train/37/009783_gtFine_labellevel3Ids.png,1,1,1,0,1,1,1,0,1,0,1,0,0,0,0,0,0,1,0,0,1,1,1,0,1,1
/raid/datasets/SemanticSegmentation/domain_adaptation/IDD_20k/gtFine/train/37/018466_gtFine_labellevel3Ids.png,1,1,1,0,0,1,1,0,1,1,0,0,1,1,1,1,0,0,0,0,1,1,1,0,1,1
/raid/datasets/SemanticSegmentation/domain_adaptation/IDD_20k/gtFine/train/37/025784_gtFine_labellevel3Ids.png,1,1,1,1,1,1,1,0,0,1,1,0,1,1,1,0,0,1,1,0,1,1,1,0,1,1
/raid/datasets/SemanticSegmentation/domain_adaptation/IDD_20k/gtFine/train/370/frame0179_gtFine_labellevel3Ids.png,1,1,0,1,1,1,1,0,1,1,0,0,0,1,1,1,0,1,1,0,1,1,1,0,1,1
/raid/datasets/SemanticSegmentation/domain_adaptation/IDD_20k/gtFine/train/372/frame0158_gtFine_labellevel3Ids.png,1,1,0,1,1,0,0,0,0,0,0,0,0,0,0,0,0,0,0,0,1,1,0,0,1,1
/raid/datasets/SemanticSegmentation/domain_adaptation/IDD_20k/gtFine/train/372/frame0218_gtFine_labellevel3Ids.png,1,1,0,1,1,0,0,0,0,0,0,0,0,0,0,0,0,0,0,0,1,1,1,0,1,1
/raid/datasets/SemanticSegmentation/domain_adaptation/IDD_20k/gtFine/train/375/frame2309_gtFine_labellevel3Ids.png,1,1,0,1,0,1,1,0,0,0,1,0,0,0,0,0,0,0,0,0,1,1,0,0,1,1
/raid/datasets/SemanticSegmentation/domain_adaptation/IDD_20k/gtFine/train/375/frame5999_gtFine_labellevel3Ids.png,1,1,0,1,1,1,1,0,1,1,1,0,0,0,1,0,0,1,1,0,1,1,1,0,1,1
/raid/datasets/SemanticSegmentation/domain_adaptation/IDD_20k/gtFine/train/375/frame9509_gtFine_labellevel3Ids.png,1,1,0,1,1,1,1,0,0,0,1,0,0,0,1,0,0,1,0,0,1,1,1,0,1,1
/raid/datasets/SemanticSegmentation/domain_adaptation/IDD_20k/gtFine/train/377/frame11026_gtFine_labellevel3Ids.png,1,1,0,1,1,1,1,0,1,1,1,0,1,1,1,0,0,1,1,0,1,1,1,0,1,1
/raid/datasets/SemanticSegmentation/domain_adaptation/IDD_20k/gtFine/train/377/frame19535_gtFine_labellevel3Ids.png,1,1,0,1,1,1,1,0,0,1,1,1,0,1,0,0,0,0,0,0,1,1,1,0,1,1
/raid/datasets/SemanticSegmentation/domain_adaptation/IDD_20k/gtFine/train/377/frame24035_gtFine_labellevel3Ids.png,1,1,0,1,1,1,1,1,1,1,1,0,1,1,1,0,0,1,1,0,1,1,1,0,1,1
/raid/datasets/SemanticSegmentation/domain_adaptation/IDD_20k/gtFine/train/377/frame41517_gtFine_labellevel3Ids.png,1,1,0,1,0,1,1,0,0,1,0,0,1,1,1,1,0,1,1,0,1,1,1,0,1,1
/raid/datasets/SemanticSegmentation/domain_adaptation/IDD_20k/gtFine/train/377/frame47626_gtFine_labellevel3Ids.png,1,1,1,1,1,1,1,1,1,1,0,0,1,1,1,1,0,1,1,0,1,1,1,0,1,1
/raid/datasets/SemanticSegmentation/domain_adaptation/IDD_20k/gtFine/train/377/frame52180_gtFine_labellevel3Ids.png,1,1,0,1,1,1,1,0,1,1,1,1,1,1,1,0,0,1,1,0,1,1,1,0,1,1
/raid/datasets/SemanticSegmentation/domain_adaptation/IDD_20k/gtFine/train/377/frame58808_gtFine_labellevel3Ids.png,1,1,1,0,1,1,1,0,1,1,1,1,1,1,1,1,0,1,1,0,1,1,1,0,1,1
/raid/datasets/SemanticSegmentation/domain_adaptation/IDD_20k/gtFine/train/377/frame64071_gtFine_labellevel3Ids.png,1,1,0,0,1,1,1,0,1,1,0,0,1,1,0,0,0,1,1,0,1,1,1,0,1,1
/raid/datasets/SemanticSegmentation/domain_adaptation/IDD_20k/gtFine/train/38/001077_gtFine_labellevel3Ids.png,1,1,0,1,0,0,0,0,0,1,0,0,1,1,0,0,0,1,1,0,1,1,0,0,1,1
/raid/datasets/SemanticSegmentation/domain_adaptation/IDD_20k/gtFine/train/380/frame10265_gtFine_labellevel3Ids.png,1,0,0,0,1,1,1,0,1,1,1,0,1,1,1,0,1,1,1,0,1,1,1,1,1,1
/raid/datasets/SemanticSegmentation/domain_adaptation/IDD_20k/gtFine/train/380/frame8197_gtFine_labellevel3Ids.png,1,1,1,1,1,1,1,0,1,1,0,1,1,1,1,0,1,1,1,0,1,1,1,1,1,1
/raid/datasets/SemanticSegmentation/domain_adaptation/IDD_20k/gtFine/train/39/045817_gtFine_labellevel3Ids.png,1,0,0,1,0,0,0,0,0,1,0,0,1,1,0,0,1,0,1,0,1,1,1,0,1,1
/raid/datasets/SemanticSegmentation/domain_adaptation/IDD_20k/gtFine/train/40/096067_gtFine_labellevel3Ids.png,1,1,1,1,1,1,1,0,0,1,1,0,0,1,1,0,0,1,0,0,1,1,1,0,1,1
/raid/datasets/SemanticSegmentation/domain_adaptation/IDD_20k/gtFine/train/402/frame19736_gtFine_labellevel3Ids.png,1,1,0,1,1,1,1,1,0,1,1,0,0,0,1,0,0,0,0,0,1,1,1,0,1,1
/raid/datasets/SemanticSegmentation/domain_adaptation/IDD_20k/gtFine/train/403/0004158_gtFine_labellevel3Ids.png,1,1,0,0,1,1,1,0,0,1,0,1,1,1,1,1,0,1,1,0,1,1,1,0,1,1
/raid/datasets/SemanticSegmentation/domain_adaptation/IDD_20k/gtFine/train/404/frame2647_gtFine_labellevel3Ids.png,1,1,0,1,0,1,1,0,0,0,0,0,0,1,0,0,0,0,0,0,1,1,1,0,1,1
/raid/datasets/SemanticSegmentation/domain_adaptation/IDD_20k/gtFine/train/41/019063_gtFine_labellevel3Ids.png,1,1,0,0,0,1,1,0,0,1,0,1,1,1,1,0,1,0,1,0,1,1,1,1,1,1
/raid/datasets/SemanticSegmentation/domain_adaptation/IDD_20k/gtFine/train/41/019363_gtFine_labellevel3Ids.png,1,1,1,0,1,1,1,0,0,1,0,1,1,1,1,1,0,0,1,0,1,1,1,1,1,1
/raid/datasets/SemanticSegmentation/domain_adaptation/IDD_20k/gtFine/train/416/0000213_gtFine_labellevel3Ids.png,1,1,0,0,0,1,1,0,1,1,1,1,1,0,1,0,0,1,1,0,1,1,1,1,1,1
/raid/datasets/SemanticSegmentation/domain_adaptation/IDD_20k/gtFine/train/417/0004560_gtFine_labellevel3Ids.png,1,1,0,0,1,1,1,0,1,1,0,1,1,0,1,0,0,1,0,0,1,1,1,0,1,1
/raid/datasets/SemanticSegmentation/domain_adaptation/IDD_20k/gtFine/train/417/0006899_gtFine_labellevel3Ids.png,1,1,0,0,1,1,1,0,1,1,0,0,0,1,1,0,0,1,0,0,1,1,1,0,1,1
/raid/datasets/SemanticSegmentation/domain_adaptation/IDD_20k/gtFine/train/417/0018972_gtFine_labellevel3Ids.png,1,1,0,1,1,1,1,0,1,1,1,1,0,1,1,0,0,0,0,0,1,1,1,0,1,1
/raid/datasets/SemanticSegmentation/domain_adaptation/IDD_20k/gtFine/train/42/621331_gtFine_labellevel3Ids.png,1,1,1,0,1,1,1,0,1,1,1,0,1,0,1,1,0,1,1,0,1,1,1,1,1,1
/raid/datasets/SemanticSegmentation/domain_adaptation/IDD_20k/gtFine/train/421/0005694_gtFine_labellevel3Ids.png,1,0,1,0,1,1,1,0,1,1,1,0,1,1,1,1,0,1,1,0,1,1,1,1,1,1
/raid/datasets/SemanticSegmentation/domain_adaptation/IDD_20k/gtFine/train/421/0015552_gtFine_labellevel3Ids.png,1,1,0,0,1,1,1,0,1,1,0,0,0,0,0,0,0,1,0,0,1,1,1,0,1,0
/raid/datasets/SemanticSegmentation/domain_adaptation/IDD_20k/gtFine/train/429/frame18403_gtFine_labellevel3Ids.png,1,1,0,0,0,0,1,0,1,0,0,0,0,1,1,0,0,0,0,0,1,1,1,0,1,1
/raid/datasets/SemanticSegmentation/domain_adaptation/IDD_20k/gtFine/train/43/025589_gtFine_labellevel3Ids.png,1,1,0,1,1,1,1,0,0,1,1,0,0,1,1,0,0,1,0,0,1,1,1,0,1,1
/raid/datasets/SemanticSegmentation/domain_adaptation/IDD_20k/gtFine/train/431/0000215_gtFine_labellevel3Ids.png,1,1,0,1,1,1,1,0,1,1,1,1,1,0,1,0,0,1,0,0,1,1,1,0,1,1
/raid/datasets/SemanticSegmentation/domain_adaptation/IDD_20k/gtFine/train/431/0006164_gtFine_labellevel3Ids.png,1,1,0,0,1,1,1,1,1,1,0,0,1,0,0,1,0,1,0,0,1,1,1,0,1,1
/raid/datasets/SemanticSegmentation/domain_adaptation/IDD_20k/gtFine/train/431/0007730_gtFine_labellevel3Ids.png,1,1,0,0,1,1,1,0,0,1,1,0,1,0,1,0,0,1,0,0,1,1,1,0,1,1
/raid/datasets/SemanticSegmentation/domain_adaptation/IDD_20k/gtFine/train/431/0013252_gtFine_labellevel3Ids.png,1,1,0,0,1,0,0,0,1,0,1,1,1,0,1,0,0,1,0,0,1,1,1,0,1,1
/raid/datasets/SemanticSegmentation/domain_adaptation/IDD_20k/gtFine/train/431/0013793_gtFine_labellevel3Ids.png,1,1,0,0,1,1,1,0,1,0,1,0,1,1,1,1,0,1,0,0,1,1,1,0,1,1
/raid/datasets/SemanticSegmentation/domain_adaptation/IDD_20k/gtFine/train/431/0021515_gtFine_labellevel3Ids.png,1,1,0,0,1,1,1,0,1,1,1,1,1,1,1,0,0,1,0,0,1,1,1,0,1,1
/raid/datasets/SemanticSegmentation/domain_adaptation/IDD_20k/gtFine/train/432/frame19899_gtFine_labellevel3Ids.png,1,1,0,0,0,1,1,0,0,1,0,0,0,1,1,1,0,1,1,0,1,1,1,0,1,1
/raid/datasets/SemanticSegmentation/domain_adaptation/IDD_20k/gtFine/train/432/frame14053_gtFine_labellevel3Ids.png,1,0,0,0,0,1,1,0,1,1,0,0,0,1,1,1,0,1,0,0,1,1,1,0,1,1
/raid/datasets/SemanticSegmentation/domain_adaptation/IDD_20k/gtFine/train/432/frame20844_gtFine_labellevel3Ids.png,1,1,1,1,1,0,1,0,0,1,0,0,0,0,1,1,0,1,0,0,1,1,1,0,1,1
/raid/datasets/SemanticSegmentation/domain_adaptation/IDD_20k/gtFine/train/438/frame1098_gtFine_labellevel3Ids.png,1,1,0,0,1,1,1,0,1,0,1,1,0,0,0,0,0,1,0,0,1,1,1,0,1,1
/raid/datasets/SemanticSegmentation/domain_adaptation/IDD_20k/gtFine/train/439/frame21226_gtFine_labellevel3Ids.png,1,1,0,1,1,1,1,0,1,1,1,1,1,0,0,0,0,1,1,0,1,1,1,0,1,1
/raid/datasets/SemanticSegmentation/domain_adaptation/IDD_20k/gtFine/train/439/frame30249_gtFine_labellevel3Ids.png,1,1,0,0,1,1,1,1,1,1,1,0,1,1,0,0,0,1,1,0,1,1,1,0,1,1
/raid/datasets/SemanticSegmentation/domain_adaptation/IDD_20k/gtFine/train/439/frame31112_gtFine_labellevel3Ids.png,1,1,0,0,1,1,1,1,1,0,0,0,1,1,1,0,0,1,0,0,1,1,1,0,1,1
/raid/datasets/SemanticSegmentation/domain_adaptation/IDD_20k/gtFine/train/439/frame49703_gtFine_labellevel3Ids.png,1,1,1,0,1,1,1,0,1,1,0,0,1,0,0,0,0,1,0,0,1,1,1,0,1,1
/raid/datasets/SemanticSegmentation/domain_adaptation/IDD_20k/gtFine/train/439/frame76658_gtFine_labellevel3Ids.png,1,1,0,0,1,1,1,0,1,1,0,0,1,0,1,1,0,1,0,0,1,1,1,0,1,1
/raid/datasets/SemanticSegmentation/domain_adaptation/IDD_20k/gtFine/train/439/frame78726_gtFine_labellevel3Ids.png,1,1,1,0,1,1,1,0,1,1,1,0,1,0,1,1,0,1,0,0,1,1,1,0,1,1
/raid/datasets/SemanticSegmentation/domain_adaptation/IDD_20k/gtFine/train/44/455768_gtFine_labellevel3Ids.png,1,1,0,1,1,1,1,0,1,1,0,1,1,0,0,0,0,1,0,0,1,1,1,0,1,1
/raid/datasets/SemanticSegmentation/domain_adaptation/IDD_20k/gtFine/train/441/frame1034_gtFine_labellevel3Ids.png,1,1,0,0,1,1,1,0,1,1,1,0,1,1,0,0,0,1,1,0,1,1,1,1,1,1
/raid/datasets/SemanticSegmentation/domain_adaptation/IDD_20k/gtFine/train/442/0000044_gtFine_labellevel3Ids.png,1,1,1,0,1,1,1,0,0,1,0,0,1,1,1,1,0,1,1,0,1,1,1,0,1,1
/raid/datasets/SemanticSegmentation/domain_adaptation/IDD_20k/gtFine/train/442/0007658_gtFine_labellevel3Ids.png,1,1,1,0,1,1,1,0,0,1,1,0,1,1,1,0,0,1,0,1,1,1,1,0,1,1
/raid/datasets/SemanticSegmentation/domain_adaptation/IDD_20k/gtFine/train/442/0007771_gtFine_labellevel3Ids.png,1,1,1,0,1,1,1,0,1,0,0,0,0,0,1,1,0,1,0,1,1,1,1,0,1,0
/raid/datasets/SemanticSegmentation/domain_adaptation/IDD_20k/gtFine/train/442/0008994_gtFine_labellevel3Ids.png,1,1,1,0,1,1,1,0,1,1,0,0,1,1,1,1,0,1,1,0,1,1,1,0,1,1
/raid/datasets/SemanticSegmentation/domain_adaptation/IDD_20k/gtFine/train/443/frame2264_gtFine_labellevel3Ids.png,0,1,0,1,1,0,0,0,0,0,0,0,0,0,0,0,0,0,0,0,1,1,0,0,1,1
/raid/datasets/SemanticSegmentation/domain_adaptation/IDD_20k/gtFine/train/446/0013391_gtFine_labellevel3Ids.png,1,1,0,1,1,1,1,0,0,1,0,0,1,0,1,0,0,1,0,0,1,1,1,0,1,1
/raid/datasets/SemanticSegmentation/domain_adaptation/IDD_20k/gtFine/train/446/0013481_gtFine_labellevel3Ids.png,1,1,1,1,1,1,1,0,1,1,0,0,1,1,1,0,0,1,0,0,1,1,1,0,1,1
/raid/datasets/SemanticSegmentation/domain_adaptation/IDD_20k/gtFine/train/446/0015247_gtFine_labellevel3Ids.png,1,1,1,0,1,0,1,0,0,1,0,0,1,0,1,1,0,1,0,0,1,1,1,0,1,1
/raid/datasets/SemanticSegmentation/domain_adaptation/IDD_20k/gtFine/train/446/0017402_gtFine_labellevel3Ids.png,1,0,1,1,1,1,1,0,1,1,1,0,1,1,1,0,0,1,1,0,1,1,1,0,1,1
/raid/datasets/SemanticSegmentation/domain_adaptation/IDD_20k/gtFine/train/446/0021383_gtFine_labellevel3Ids.png,1,1,1,0,1,1,1,0,1,1,0,0,1,0,0,0,0,1,0,0,1,1,1,0,1,1
/raid/datasets/SemanticSegmentation/domain_adaptation/IDD_20k/gtFine/train/446/0024014_gtFine_labellevel3Ids.png,0,1,0,0,1,1,1,0,1,1,1,0,1,0,0,0,0,1,0,0,1,1,1,0,1,1
/raid/datasets/SemanticSegmentation/domain_adaptation/IDD_20k/gtFine/train/446/0031535_gtFine_labellevel3Ids.png,1,1,1,0,1,1,1,1,1,1,0,0,1,0,1,0,0,1,0,0,1,1,1,0,1,1
/raid/datasets/SemanticSegmentation/domain_adaptation/IDD_20k/gtFine/train/447/frame0586_gtFine_labellevel3Ids.png,0,1,0,0,0,0,0,0,0,0,0,0,0,0,0,0,0,0,0,0,0,1,0,0,1,1
/raid/datasets/SemanticSegmentation/domain_adaptation/IDD_20k/gtFine/train/449/frame2054_gtFine_labellevel3Ids.png,1,1,0,1,1,1,1,0,1,1,0,1,1,1,1,0,0,1,0,0,1,1,1,0,1,1
/raid/datasets/SemanticSegmentation/domain_adaptation/IDD_20k/gtFine/train/45/315873_gtFine_labellevel3Ids.png,1,1,0,0,0,1,1,0,0,0,0,0,1,1,1,1,1,1,0,0,1,1,1,0,1,1
/raid/datasets/SemanticSegmentation/domain_adaptation/IDD_20k/gtFine/train/452/0000280_gtFine_labellevel3Ids.png,1,1,0,0,1,1,1,0,1,1,1,1,1,1,0,0,0,1,0,0,1,1,1,0,1,1
/raid/datasets/SemanticSegmentation/domain_adaptation/IDD_20k/gtFine/train/452/0005016_gtFine_labellevel3Ids.png,1,1,0,1,1,0,1,0,0,1,0,0,0,1,1,0,0,1,0,0,1,1,1,0,1,1
/raid/datasets/SemanticSegmentation/domain_adaptation/IDD_20k/gtFine/train/453/0001455_gtFine_labellevel3Ids.png,1,1,0,0,1,1,1,0,1,1,0,0,1,1,1,0,0,1,0,0,1,1,1,0,1,1
/raid/datasets/SemanticSegmentation/domain_adaptation/IDD_20k/gtFine/train/453/0004403_gtFine_labellevel3Ids.png,1,1,0,0,1,1,1,0,1,1,1,0,1,0,1,0,0,1,0,0,1,1,1,0,1,1
/raid/datasets/SemanticSegmentation/domain_adaptation/IDD_20k/gtFine/train/453/0014250_gtFine_labellevel3Ids.png,1,1,1,1,1,1,1,0,1,1,0,0,1,1,1,0,0,1,0,0,1,1,1,0,1,1
/raid/datasets/SemanticSegmentation/domain_adaptation/IDD_20k/gtFine/train/46/545380_gtFine_labellevel3Ids.png,1,1,1,0,1,1,1,0,1,1,1,1,1,1,0,0,0,1,1,0,1,1,1,0,1,1
/raid/datasets/SemanticSegmentation/domain_adaptation/IDD_20k/gtFine/train/46/856020_gtFine_labellevel3Ids.png,1,1,1,0,1,1,1,0,1,1,0,0,1,0,1,1,0,1,0,0,1,1,1,0,1,1
/raid/datasets/SemanticSegmentation/domain_adaptation/IDD_20k/gtFine/train/460/frame10462_gtFine_labellevel3Ids.png,1,0,0,0,0,0,0,0,0,1,0,0,1,1,0,0,1,1,1,0,1,1,1,0,1,1
/raid/datasets/SemanticSegmentation/domain_adaptation/IDD_20k/gtFine/train/460/frame104803_gtFine_labellevel3Ids.png,1,1,0,1,1,1,1,0,1,1,1,1,1,1,1,1,1,1,1,0,1,1,1,1,1,1
/raid/datasets/SemanticSegmentation/domain_adaptation/IDD_20k/gtFine/train/460/frame14039_gtFine_labellevel3Ids.png,1,0,0,1,1,0,0,0,0,1,0,0,1,1,0,0,1,1,1,0,1,1,1,0,1,1
/raid/datasets/SemanticSegmentation/domain_adaptation/IDD_20k/gtFine/train/460/frame16684_gtFine_labellevel3Ids.png,1,0,0,1,0,0,0,0,0,1,0,0,1,1,0,0,1,1,1,0,1,1,1,0,1,1
/raid/datasets/SemanticSegmentation/domain_adaptation/IDD_20k/gtFine/train/460/frame43520_gtFine_labellevel3Ids.png,1,0,0,1,1,0,0,0,0,1,0,0,0,1,0,0,1,1,1,0,1,1,1,1,1,1
/raid/datasets/SemanticSegmentation/domain_adaptation/IDD_20k/gtFine/train/460/frame48939_gtFine_labellevel3Ids.png,1,1,0,1,0,1,1,0,1,1,0,0,0,1,1,0,1,1,1,0,1,1,1,0,1,1
/raid/datasets/SemanticSegmentation/domain_adaptation/IDD_20k/gtFine/train/460/frame54411_gtFine_labellevel3Ids.png,1,1,0,0,0,1,1,0,1,1,1,0,1,1,0,1,0,1,1,0,1,1,1,0,1,1
/raid/datasets/SemanticSegmentation/domain_adaptation/IDD_20k/gtFine/train/460/frame56739_gtFine_labellevel3Ids.png,1,1,0,1,0,1,1,0,0,1,1,0,1,1,1,0,0,1,0,0,1,1,1,0,1,1
/raid/datasets/SemanticSegmentation/domain_adaptation/IDD_20k/gtFine/train/460/frame67884_gtFine_labellevel3Ids.png,1,1,0,1,0,1,1,0,1,1,1,0,1,1,1,0,0,1,0,0,1,1,1,0,1,1
/raid/datasets/SemanticSegmentation/domain_adaptation/IDD_20k/gtFine/train/460/frame76739_gtFine_labellevel3Ids.png,1,1,0,1,0,1,1,0,0,1,1,0,1,1,1,0,0,1,0,0,1,1,1,0,1,1
/raid/datasets/SemanticSegmentation/domain_adaptation/IDD_20k/gtFine/train/460/frame87266_gtFine_labellevel3Ids.png,1,1,0,0,1,0,0,0,1,1,1,0,1,1,0,1,0,1,0,0,1,1,1,0,1,1
/raid/datasets/SemanticSegmentation/domain_adaptation/IDD_20k/gtFine/train/462/frame2479_gtFine_labellevel3Ids.png,1,1,0,0,1,0,0,0,0,0,0,0,0,0,0,0,0,0,0,0,1,1,1,0,1,1
/raid/datasets/SemanticSegmentation/domain_adaptation/IDD_20k/gtFine/train/464/frame1289_gtFine_labellevel3Ids.png,1,1,0,1,1,0,1,0,0,0,0,0,0,0,0,0,0,0,0,0,1,1,1,0,1,1
/raid/datasets/SemanticSegmentation/domain_adaptation/IDD_20k/gtFine/train/467/frame5994_gtFine_labellevel3Ids.png,1,1,0,0,1,1,1,1,0,1,0,0,0,0,0,0,0,0,0,0,1,1,1,0,1,1
/raid/datasets/SemanticSegmentation/domain_adaptation/IDD_20k/gtFine/train/469/frame1426_gtFine_labellevel3Ids.png,1,1,0,0,1,1,1,0,1,1,1,0,1,1,0,0,0,1,1,0,1,1,1,0,1,1
/raid/datasets/SemanticSegmentation/domain_adaptation/IDD_20k/gtFine/train/470/0000226_gtFine_labellevel3Ids.png,1,1,0,1,1,1,1,0,1,1,0,1,0,1,1,1,0,1,0,0,1,1,1,0,1,1
/raid/datasets/SemanticSegmentation/domain_adaptation/IDD_20k/gtFine/train/470/0003844_gtFine_labellevel3Ids.png,1,1,0,0,1,1,1,0,1,1,1,1,1,0,1,0,0,1,0,0,1,1,1,0,1,1
/raid/datasets/SemanticSegmentation/domain_adaptation/IDD_20k/gtFine/train/470/0034618_gtFine_labellevel3Ids.png,1,1,0,1,0,1,1,0,0,1,1,1,1,1,1,0,0,1,0,0,1,1,1,0,1,1
/raid/datasets/SemanticSegmentation/domain_adaptation/IDD_20k/gtFine/train/470/0040393_gtFine_labellevel3Ids.png,1,1,0,0,1,1,1,0,0,1,1,1,1,1,1,0,0,1,0,0,1,1,1,0,1,1
/raid/datasets/SemanticSegmentation/domain_adaptation/IDD_20k/gtFine/train/471/0000099_gtFine_labellevel3Ids.png,1,1,0,1,0,1,1,0,0,1,1,0,1,1,1,0,0,0,1,1,1,1,1,0,1,1
/raid/datasets/SemanticSegmentation/domain_adaptation/IDD_20k/gtFine/train/472/frame34862_gtFine_labellevel3Ids.png,1,1,1,0,1,1,1,0,0,1,0,0,1,1,1,1,0,1,0,0,1,1,0,0,1,1
/raid/datasets/SemanticSegmentation/domain_adaptation/IDD_20k/gtFine/train/472/frame64876_gtFine_labellevel3Ids.png,1,1,1,1,1,1,1,0,1,1,1,0,1,1,1,1,0,1,0,0,1,1,1,0,1,1
/raid/datasets/SemanticSegmentation/domain_adaptation/IDD_20k/gtFine/train/472/frame7662_gtFine_labellevel3Ids.png,1,1,1,0,1,1,1,0,1,1,0,0,1,1,1,1,1,1,0,0,1,1,1,1,1,1
/raid/datasets/SemanticSegmentation/domain_adaptation/IDD_20k/gtFine/train/473/frame15580_gtFine_labellevel3Ids.png,1,1,0,1,0,1,1,0,0,1,1,0,0,1,1,1,1,1,1,0,1,1,1,0,1,1
/raid/datasets/SemanticSegmentation/domain_adaptation/IDD_20k/gtFine/train/476/frame95801_gtFine_labellevel3Ids.png,1,1,1,1,1,1,1,0,1,1,1,0,1,1,1,0,0,1,1,0,1,1,1,0,1,1
/raid/datasets/SemanticSegmentation/domain_adaptation/IDD_20k/gtFine/train/479/frame8634_gtFine_labellevel3Ids.png,1,1,0,1,0,0,0,0,0,1,1,0,1,1,0,1,1,0,0,0,1,1,1,0,1,1
/raid/datasets/SemanticSegmentation/domain_adaptation/IDD_20k/gtFine/train/479/frame9654_gtFine_labellevel3Ids.png,1,1,0,1,0,0,0,0,0,1,1,0,1,1,0,0,1,0,1,0,1,1,1,1,1,1
/raid/datasets/SemanticSegmentation/domain_adaptation/IDD_20k/gtFine/train/48/220968_gtFine_labellevel3Ids.png,1,0,0,0,1,1,1,0,1,1,0,0,0,1,1,1,0,1,1,0,1,1,0,0,1,1
/raid/datasets/SemanticSegmentation/domain_adaptation/IDD_20k/gtFine/train/48/652395_gtFine_labellevel3Ids.png,1,1,0,1,1,1,1,0,1,1,1,1,1,1,1,1,0,1,1,0,1,1,1,0,1,1
/raid/datasets/SemanticSegmentation/domain_adaptation/IDD_20k/gtFine/train/48/716424_gtFine_labellevel3Ids.png,1,1,1,1,1,1,1,0,1,1,1,1,1,1,1,1,0,1,1,0,1,1,1,0,1,1
/raid/datasets/SemanticSegmentation/domain_adaptation/IDD_20k/gtFine/train/481/frame0341_gtFine_labellevel3Ids.png,1,1,0,1,1,0,1,0,0,0,0,0,0,0,0,0,0,0,0,0,1,1,0,0,1,1
/raid/datasets/SemanticSegmentation/domain_adaptation/IDD_20k/gtFine/train/483/frame1039_gtFine_labellevel3Ids.png,1,1,0,0,1,0,1,0,1,1,1,0,1,0,1,0,0,1,0,0,1,1,1,0,1,1
/raid/datasets/SemanticSegmentation/domain_adaptation/IDD_20k/gtFine/train/483/frame10589_gtFine_labellevel3Ids.png,1,1,0,1,0,1,1,0,0,1,0,0,1,0,1,1,0,0,0,0,1,1,0,0,1,1
/raid/datasets/SemanticSegmentation/domain_adaptation/IDD_20k/gtFine/train/483/frame16802_gtFine_labellevel3Ids.png,1,1,1,1,0,1,1,1,1,1,1,0,1,1,1,0,0,1,1,0,1,1,1,0,1,1
/raid/datasets/SemanticSegmentation/domain_adaptation/IDD_20k/gtFine/train/483/frame6731_gtFine_labellevel3Ids.png,1,1,0,1,1,1,1,0,1,1,0,0,1,0,1,1,0,0,0,0,1,1,1,0,1,1
/raid/datasets/SemanticSegmentation/domain_adaptation/IDD_20k/gtFine/train/483/frame9539_gtFine_labellevel3Ids.png,1,1,0,1,1,1,1,0,0,1,1,0,1,0,1,1,0,0,0,0,1,1,1,0,1,1
/raid/datasets/SemanticSegmentation/domain_adaptation/IDD_20k/gtFine/train/489/0005730_gtFine_labellevel3Ids.png,1,1,0,0,1,1,1,0,1,1,1,0,0,0,1,0,0,0,0,0,1,1,1,0,1,1
/raid/datasets/SemanticSegmentation/domain_adaptation/IDD_20k/gtFine/train/489/0014056_gtFine_labellevel3Ids.png,1,1,0,0,1,1,1,0,1,1,1,0,1,0,0,0,0,1,0,0,1,1,1,0,1,1
/raid/datasets/SemanticSegmentation/domain_adaptation/IDD_20k/gtFine/train/49/730628_gtFine_labellevel3Ids.png,1,1,0,1,1,1,1,0,0,1,1,0,1,0,1,0,0,1,0,0,1,1,1,0,1,1
/raid/datasets/SemanticSegmentation/domain_adaptation/IDD_20k/gtFine/train/490/frame12921_gtFine_labellevel3Ids.png,1,1,1,1,1,1,1,0,0,1,1,0,1,1,1,0,0,1,0,0,1,1,1,1,1,1
/raid/datasets/SemanticSegmentation/domain_adaptation/IDD_20k/gtFine/train/493/0000000_gtFine_labellevel3Ids.png,1,1,0,0,1,1,1,0,1,1,1,0,1,0,0,0,0,1,0,0,1,1,1,0,1,1
/raid/datasets/SemanticSegmentation/domain_adaptation/IDD_20k/gtFine/train/493/0000185_gtFine_labellevel3Ids.png,1,1,0,0,1,1,1,0,1,1,1,0,1,0,0,0,0,1,0,0,1,1,1,0,1,1
/raid/datasets/SemanticSegmentation/domain_adaptation/IDD_20k/gtFine/train/499/frame0140_gtFine_labellevel3Ids.png,1,1,0,1,1,1,1,0,0,1,0,1,0,1,1,0,0,1,1,0,1,1,1,0,1,1
/raid/datasets/SemanticSegmentation/domain_adaptation/IDD_20k/gtFine/train/5/008279_gtFine_labellevel3Ids.png,1,1,0,1,0,1,1,0,0,0,1,0,1,1,1,1,0,1,0,0,1,1,1,0,1,1
/raid/datasets/SemanticSegmentation/domain_adaptation/IDD_20k/gtFine/train/5/017773_gtFine_labellevel3Ids.png,1,1,0,1,1,1,1,0,0,1,1,0,1,1,1,1,0,1,0,0,1,1,1,0,1,1
/raid/datasets/SemanticSegmentation/domain_adaptation/IDD_20k/gtFine/train/502/frame14003_gtFine_labellevel3Ids.png,1,1,1,0,1,1,1,1,1,1,0,1,1,0,1,0,0,1,0,0,1,1,1,0,1,1
/raid/datasets/SemanticSegmentation/domain_adaptation/IDD_20k/gtFine/train/502/frame19659_gtFine_labellevel3Ids.png,1,1,0,1,1,1,1,0,1,1,1,1,1,1,1,0,0,1,0,0,1,1,1,1,1,1
/raid/datasets/SemanticSegmentation/domain_adaptation/IDD_20k/gtFine/train/502/frame40885_gtFine_labellevel3Ids.png,1,1,0,0,1,1,1,1,1,0,0,0,1,1,0,0,0,1,0,0,1,1,1,0,1,1
/raid/datasets/SemanticSegmentation/domain_adaptation/IDD_20k/gtFine/train/502/frame5014_gtFine_labellevel3Ids.png,1,1,1,0,1,1,1,0,1,1,1,1,1,0,0,0,0,1,1,1,1,1,1,0,1,1
/raid/datasets/SemanticSegmentation/domain_adaptation/IDD_20k/gtFine/train/502/frame62821_gtFine_labellevel3Ids.png,1,1,0,0,1,1,1,0,1,1,1,0,1,0,0,0,0,1,0,0,1,1,1,0,1,1
/raid/datasets/SemanticSegmentation/domain_adaptation/IDD_20k/gtFine/train/502/frame78458_gtFine_labellevel3Ids.png,1,1,0,0,1,1,1,0,1,1,1,0,1,0,0,0,0,1,0,0,1,1,1,0,1,1
/raid/datasets/SemanticSegmentation/domain_adaptation/IDD_20k/gtFine/train/502/frame81458_gtFine_labellevel3Ids.png,1,1,0,0,1,1,1,1,1,0,0,0,1,0,1,1,0,1,0,0,1,1,1,0,1,1
/raid/datasets/SemanticSegmentation/domain_adaptation/IDD_20k/gtFine/train/502/frame96867_gtFine_labellevel3Ids.png,1,1,0,0,1,1,1,1,1,1,0,1,1,1,0,0,0,1,1,0,1,1,1,0,1,1
/raid/datasets/SemanticSegmentation/domain_adaptation/IDD_20k/gtFine/train/503/frame9770_gtFine_labellevel3Ids.png,1,1,0,1,1,1,0,1,0,1,0,0,0,0,1,0,0,1,0,0,1,1,1,0,1,1
/raid/datasets/SemanticSegmentation/domain_adaptation/IDD_20k/gtFine/train/505/frame11235_gtFine_labellevel3Ids.png,1,1,0,1,1,1,1,0,1,1,1,0,1,1,0,0,0,1,0,0,1,1,1,0,1,1
/raid/datasets/SemanticSegmentation/domain_adaptation/IDD_20k/gtFine/train/505/frame14726_gtFine_labellevel3Ids.png,1,1,0,1,1,0,0,0,1,1,0,1,0,1,0,0,0,1,0,0,1,1,0,1,1,1
/raid/datasets/SemanticSegmentation/domain_adaptation/IDD_20k/gtFine/train/506/frame3659_gtFine_labellevel3Ids.png,1,1,0,1,1,1,1,0,1,1,0,1,1,1,1,1,0,1,0,0,1,1,1,0,1,1
/raid/datasets/SemanticSegmentation/domain_adaptation/IDD_20k/gtFine/train/512/frame21749_gtFine_labellevel3Ids.png,1,1,1,1,1,1,1,1,1,1,0,1,1,0,0,0,0,1,1,1,1,1,1,0,1,1
/raid/datasets/SemanticSegmentation/domain_adaptation/IDD_20k/gtFine/train/512/frame2509_gtFine_labellevel3Ids.png,1,1,1,0,1,1,1,0,1,1,0,1,1,1,1,1,0,1,1,0,1,1,1,0,1,1
/raid/datasets/SemanticSegmentation/domain_adaptation/IDD_20k/gtFine/train/512/frame9392_gtFine_labellevel3Ids.png,1,1,1,0,0,1,1,1,0,1,0,1,1,1,1,0,0,1,0,0,1,1,0,0,1,1
/raid/datasets/SemanticSegmentation/domain_adaptation/IDD_20k/gtFine/train/517/frame4024_gtFine_labellevel3Ids.png,1,1,0,0,1,1,1,0,1,1,0,0,0,1,1,1,1,0,0,0,1,1,1,0,1,1
/raid/datasets/SemanticSegmentation/domain_adaptation/IDD_20k/gtFine/train/52/014504_gtFine_labellevel3Ids.png,1,1,1,1,1,1,1,1,1,1,0,1,0,1,1,1,0,1,1,0,1,1,1,0,1,1
/raid/datasets/SemanticSegmentation/domain_adaptation/IDD_20k/gtFine/train/52/014564_gtFine_labellevel3Ids.png,1,1,1,1,0,1,1,0,1,1,0,0,1,1,1,1,0,1,1,0,1,1,1,0,1,1
/raid/datasets/SemanticSegmentation/domain_adaptation/IDD_20k/gtFine/train/52/018884_gtFine_labellevel3Ids.png,1,1,0,1,0,1,1,0,0,0,1,0,0,1,1,0,0,1,1,0,1,1,1,0,1,1
/raid/datasets/SemanticSegmentation/domain_adaptation/IDD_20k/gtFine/train/52/020470_gtFine_labellevel3Ids.png,1,1,0,1,0,1,1,0,0,1,1,0,1,0,1,0,0,1,0,0,1,1,1,0,1,1
/raid/datasets/SemanticSegmentation/domain_adaptation/IDD_20k/gtFine/train/52/021671_gtFine_labellevel3Ids.png,1,1,0,0,1,1,1,0,1,1,1,0,1,0,0,0,0,1,0,0,1,1,1,0,1,1
/raid/datasets/SemanticSegmentation/domain_adaptation/IDD_20k/gtFine/train/521/frame6864_gtFine_labellevel3Ids.png,1,1,1,0,1,1,1,0,1,1,0,0,1,0,1,0,0,1,0,0,1,1,1,0,1,1
/raid/datasets/SemanticSegmentation/domain_adaptation/IDD_20k/gtFine/train/521/frame7234_gtFine_labellevel3Ids.png,1,1,1,0,0,1,1,0,1,1,0,0,1,1,1,0,0,1,1,0,1,1,1,0,1,1
/raid/datasets/SemanticSegmentation/domain_adaptation/IDD_20k/gtFine/train/529/frame5534_gtFine_labellevel3Ids.png,1,1,0,1,1,1,1,1,0,0,0,0,0,0,1,1,0,1,0,0,1,1,1,0,1,1
/raid/datasets/SemanticSegmentation/domain_adaptation/IDD_20k/gtFine/train/53/025000_gtFine_labellevel3Ids.png,1,0,1,1,1,1,1,0,1,1,1,0,1,1,0,0,0,1,0,0,1,1,1,0,1,1
/raid/datasets/SemanticSegmentation/domain_adaptation/IDD_20k/gtFine/train/53/158893_gtFine_labellevel3Ids.png,1,1,0,0,1,1,1,0,1,1,0,0,0,1,1,0,0,1,1,0,1,1,1,0,1,1
/raid/datasets/SemanticSegmentation/domain_adaptation/IDD_20k/gtFine/train/53/507451_gtFine_labellevel3Ids.png,1,1,1,1,1,1,1,1,0,1,0,0,1,0,1,0,0,1,0,0,1,1,1,0,1,1
/raid/datasets/SemanticSegmentation/domain_adaptation/IDD_20k/gtFine/train/53/566200_gtFine_labellevel3Ids.png,1,1,1,1,1,1,1,0,1,1,0,0,0,0,1,1,0,1,0,0,1,1,1,0,1,1
/raid/datasets/SemanticSegmentation/domain_adaptation/IDD_20k/gtFine/train/53/789955_gtFine_labellevel3Ids.png,1,1,1,0,1,1,1,0,1,1,0,1,1,0,1,1,1,1,1,0,1,1,1,1,1,1
/raid/datasets/SemanticSegmentation/domain_adaptation/IDD_20k/gtFine/train/53/904080_gtFine_labellevel3Ids.png,1,1,1,0,1,1,1,1,1,1,1,0,1,0,1,1,0,1,1,0,1,1,1,0,1,1
/raid/datasets/SemanticSegmentation/domain_adaptation/IDD_20k/gtFine/train/53/979857_gtFine_labellevel3Ids.png,1,1,1,1,1,1,1,1,1,1,1,0,1,1,0,1,0,1,1,1,1,1,1,1,1,1
/raid/datasets/SemanticSegmentation/domain_adaptation/IDD_20k/gtFine/train/532/0006004_gtFine_labellevel3Ids.png,1,1,1,0,1,1,1,0,1,1,0,1,1,1,0,0,0,1,1,1,1,1,1,1,1,1
/raid/datasets/SemanticSegmentation/domain_adaptation/IDD_20k/gtFine/train/532/0006128_gtFine_labellevel3Ids.png,1,1,1,0,1,1,1,0,1,1,0,0,1,1,0,0,0,1,1,1,1,1,1,1,1,1
/raid/datasets/SemanticSegmentation/domain_adaptation/IDD_20k/gtFine/train/532/0018898_gtFine_labellevel3Ids.png,1,1,0,0,1,1,1,0,1,1,1,0,1,1,0,0,0,1,0,0,1,1,1,1,1,1
/raid/datasets/SemanticSegmentation/domain_adaptation/IDD_20k/gtFine/train/532/0023549_gtFine_labellevel3Ids.png,1,1,0,1,1,1,1,0,1,1,1,1,1,1,1,0,1,1,1,0,1,1,1,0,1,1
/raid/datasets/SemanticSegmentation/domain_adaptation/IDD_20k/gtFine/train/536/frame3879_gtFine_labellevel3Ids.png,1,1,0,1,0,1,1,0,0,0,1,0,0,0,0,0,0,0,0,0,1,1,1,0,1,1
/raid/datasets/SemanticSegmentation/domain_adaptation/IDD_20k/gtFine/train/540/0005657_gtFine_labellevel3Ids.png,1,1,1,1,1,1,1,0,1,1,0,0,1,1,1,0,0,0,0,0,1,1,1,0,1,1
/raid/datasets/SemanticSegmentation/domain_adaptation/IDD_20k/gtFine/train/540/0011927_gtFine_labellevel3Ids.png,1,1,0,1,1,1,1,0,1,1,1,0,1,1,1,1,0,1,0,0,1,1,1,0,1,1
/raid/datasets/SemanticSegmentation/domain_adaptation/IDD_20k/gtFine/train/540/0021383_gtFine_labellevel3Ids.png,1,1,0,0,1,1,1,0,1,1,1,0,1,0,0,0,0,1,1,0,1,1,1,0,1,1
/raid/datasets/SemanticSegmentation/domain_adaptation/IDD_20k/gtFine/train/540/0030568_gtFine_labellevel3Ids.png,1,1,0,0,1,1,1,0,1,0,1,0,1,1,1,1,0,0,0,0,1,1,1,0,1,1
/raid/datasets/SemanticSegmentation/domain_adaptation/IDD_20k/gtFine/train/540/0048256_gtFine_labellevel3Ids.png,1,1,0,1,1,1,1,0,0,1,1,0,0,0,1,1,0,0,1,0,1,1,0,0,1,1
/raid/datasets/SemanticSegmentation/domain_adaptation/IDD_20k/gtFine/train/541/0003084_gtFine_labellevel3Ids.png,1,1,1,0,1,1,1,0,1,1,0,0,1,1,1,1,0,1,0,0,1,1,1,0,1,1
/raid/datasets/SemanticSegmentation/domain_adaptation/IDD_20k/gtFine/train/541/0003392_gtFine_labellevel3Ids.png,1,0,1,0,1,1,1,0,0,1,0,0,1,0,0,0,0,1,1,0,1,1,1,0,1,1
/raid/datasets/SemanticSegmentation/domain_adaptation/IDD_20k/gtFine/train/543/frame3835_gtFine_labellevel3Ids.png,1,1,0,1,1,1,1,0,1,1,1,1,0,1,1,0,0,1,0,0,1,1,1,0,1,1
/raid/datasets/SemanticSegmentation/domain_adaptation/IDD_20k/gtFine/train/544/0004440_gtFine_labellevel3Ids.png,1,1,0,0,0,1,1,0,0,1,0,0,0,0,1,1,0,0,0,0,1,1,1,0,1,1
/raid/datasets/SemanticSegmentation/domain_adaptation/IDD_20k/gtFine/train/544/0005649_gtFine_labellevel3Ids.png,1,1,0,1,0,1,1,0,1,1,1,0,1,0,1,1,0,0,0,0,1,1,0,0,1,1
/raid/datasets/SemanticSegmentation/domain_adaptation/IDD_20k/gtFine/train/544/0006059_gtFine_labellevel3Ids.png,1,1,0,1,0,1,1,0,1,1,0,0,0,1,0,1,0,0,0,0,1,1,0,0,1,1
/raid/datasets/SemanticSegmentation/domain_adaptation/IDD_20k/gtFine/train/544/0006446_gtFine_labellevel3Ids.png,1,1,0,1,0,1,1,0,1,1,0,0,1,1,1,1,0,1,0,1,1,1,0,0,1,1
/raid/datasets/SemanticSegmentation/domain_adaptation/IDD_20k/gtFine/train/544/0012424_gtFine_labellevel3Ids.png,1,1,1,1,1,1,1,0,0,1,1,0,0,1,1,1,0,1,1,0,1,1,1,0,1,1
/raid/datasets/SemanticSegmentation/domain_adaptation/IDD_20k/gtFine/train/547/0002501_gtFine_labellevel3Ids.png,1,1,1,0,1,1,1,1,1,1,1,0,0,1,1,1,0,1,0,0,1,1,1,0,1,1
/raid/datasets/SemanticSegmentation/domain_adaptation/IDD_20k/gtFine/train/547/0002626_gtFine_labellevel3Ids.png,1,1,1,0,1,1,1,0,1,1,1,0,1,0,1,1,0,1,0,0,1,1,1,0,1,1
/raid/datasets/SemanticSegmentation/domain_adaptation/IDD_20k/gtFine/train/547/0003377_gtFine_labellevel3Ids.png,1,0,1,0,1,1,1,0,1,1,0,1,0,0,1,0,0,0,0,0,1,1,1,0,1,1
/raid/datasets/SemanticSegmentation/domain_adaptation/IDD_20k/gtFine/train/548/0001332_gtFine_labellevel3Ids.png,1,1,0,0,1,1,1,0,0,0,1,1,1,0,1,0,0,1,0,0,1,1,1,0,1,1
/raid/datasets/SemanticSegmentation/domain_adaptation/IDD_20k/gtFine/train/548/0009855_gtFine_labellevel3Ids.png,1,1,0,1,1,1,1,0,0,1,1,1,1,1,1,0,0,1,1,0,1,1,1,0,1,1
/raid/datasets/SemanticSegmentation/domain_adaptation/IDD_20k/gtFine/train/548/0013706_gtFine_labellevel3Ids.png,1,1,0,1,1,1,1,0,1,1,1,1,1,1,0,0,0,1,1,0,1,1,1,0,1,1
/raid/datasets/SemanticSegmentation/domain_adaptation/IDD_20k/gtFine/train/548/0014136_gtFine_labellevel3Ids.png,1,0,0,0,1,1,1,0,1,1,0,0,1,0,0,0,0,1,0,0,1,1,1,0,1,1
/raid/datasets/SemanticSegmentation/domain_adaptation/IDD_20k/gtFine/train/548/0014345_gtFine_labellevel3Ids.png,1,1,0,0,1,1,1,0,1,1,1,0,1,0,0,0,0,1,0,0,1,1,1,0,1,1
/raid/datasets/SemanticSegmentation/domain_adaptation/IDD_20k/gtFine/train/548/0026793_gtFine_labellevel3Ids.png,1,1,0,1,1,1,1,0,1,1,0,1,1,1,1,1,0,1,0,0,1,1,1,0,1,1
/raid/datasets/SemanticSegmentation/domain_adaptation/IDD_20k/gtFine/train/548/0028668_gtFine_labellevel3Ids.png,1,0,0,0,1,1,1,1,1,1,1,1,1,1,0,0,0,1,0,1,1,1,1,0,1,1
/raid/datasets/SemanticSegmentation/domain_adaptation/IDD_20k/gtFine/train/548/0029350_gtFine_labellevel3Ids.png,1,1,0,1,1,1,1,0,1,1,0,1,1,1,0,0,0,1,0,0,1,1,1,0,1,1
/raid/datasets/SemanticSegmentation/domain_adaptation/IDD_20k/gtFine/train/548/0039520_gtFine_labellevel3Ids.png,1,0,0,0,1,1,1,0,1,1,1,1,0,1,1,0,1,1,1,0,1,1,1,1,1,1
/raid/datasets/SemanticSegmentation/domain_adaptation/IDD_20k/gtFine/train/548/0040951_gtFine_labellevel3Ids.png,1,0,1,0,0,1,1,0,1,1,0,1,1,1,1,0,0,1,0,0,1,1,1,1,1,1
/raid/datasets/SemanticSegmentation/domain_adaptation/IDD_20k/gtFine/train/554/frame10748_gtFine_labellevel3Ids.png,1,1,0,0,1,1,1,0,1,1,1,1,1,1,1,0,0,1,0,0,1,1,1,0,1,1
/raid/datasets/SemanticSegmentation/domain_adaptation/IDD_20k/gtFine/train/560/0001297_gtFine_labellevel3Ids.png,1,1,0,0,1,1,1,0,1,1,1,0,1,1,1,0,0,1,1,0,1,1,1,1,1,1
/raid/datasets/SemanticSegmentation/domain_adaptation/IDD_20k/gtFine/train/563/frame12794_gtFine_labellevel3Ids.png,1,1,0,1,0,0,0,0,0,0,1,0,1,1,0,0,1,0,0,0,1,1,1,1,1,1
/raid/datasets/SemanticSegmentation/domain_adaptation/IDD_20k/gtFine/train/569/frame2139_gtFine_labellevel3Ids.png,1,1,0,1,0,0,0,0,0,1,1,0,0,1,0,0,1,0,1,0,1,1,1,0,1,1
/raid/datasets/SemanticSegmentation/domain_adaptation/IDD_20k/gtFine/train/57/090628_gtFine_labellevel3Ids.png,1,1,0,0,1,1,1,1,1,1,0,0,0,1,1,0,0,1,1,0,1,1,1,0,1,1
/raid/datasets/SemanticSegmentation/domain_adaptation/IDD_20k/gtFine/train/57/667655_gtFine_labellevel3Ids.png,1,1,1,0,1,1,1,0,1,0,0,1,1,1,1,0,0,1,1,1,1,1,1,0,1,1
/raid/datasets/SemanticSegmentation/domain_adaptation/IDD_20k/gtFine/train/57/859824_gtFine_labellevel3Ids.png,1,1,1,0,1,1,1,0,1,1,1,0,1,1,1,0,0,1,1,0,1,1,1,0,1,1
/raid/datasets/SemanticSegmentation/domain_adaptation/IDD_20k/gtFine/train/573/frame14705_gtFine_labellevel3Ids.png,1,0,1,0,0,1,1,0,1,1,0,0,1,1,1,0,0,1,0,0,1,1,1,0,1,1
/raid/datasets/SemanticSegmentation/domain_adaptation/IDD_20k/gtFine/train/59/131911_gtFine_labellevel3Ids.png,1,1,0,0,1,1,1,0,1,1,1,0,1,0,1,0,0,1,0,0,1,1,1,0,1,1
/raid/datasets/SemanticSegmentation/domain_adaptation/IDD_20k/gtFine/train/59/874190_gtFine_labellevel3Ids.png,1,1,1,1,0,1,1,0,0,1,0,0,0,0,1,0,0,1,0,0,1,1,1,0,1,1
/raid/datasets/SemanticSegmentation/domain_adaptation/IDD_20k/gtFine/train/59/937031_gtFine_labellevel3Ids.png,1,1,0,0,1,1,1,0,1,1,0,0,1,1,1,0,0,1,1,0,1,1,1,0,1,1
/raid/datasets/SemanticSegmentation/domain_adaptation/IDD_20k/gtFine/train/59/944272_gtFine_labellevel3Ids.png,1,1,1,0,0,1,1,0,0,1,0,0,0,1,1,1,0,1,0,0,1,1,1,0,1,1
/raid/datasets/SemanticSegmentation/domain_adaptation/IDD_20k/gtFine/train/6/006943_gtFine_labellevel3Ids.png,1,0,1,0,1,1,1,0,1,1,1,1,1,1,1,0,0,1,1,0,1,1,1,0,1,1
/raid/datasets/SemanticSegmentation/domain_adaptation/IDD_20k/gtFine/train/6/029381_gtFine_labellevel3Ids.png,1,1,1,0,1,0,1,0,1,1,1,0,0,1,1,1,0,0,0,0,1,1,1,0,1,1
/raid/datasets/SemanticSegmentation/domain_adaptation/IDD_20k/gtFine/train/6/730145_gtFine_labellevel3Ids.png,1,1,1,1,0,1,0,0,1,1,1,1,0,1,1,0,0,0,1,0,1,1,1,0,1,1
/raid/datasets/SemanticSegmentation/domain_adaptation/IDD_20k/gtFine/train/6/996714_gtFine_labellevel3Ids.png,1,1,1,0,1,1,1,0,1,1,1,1,1,1,1,0,0,0,1,0,1,1,1,0,1,1
/raid/datasets/SemanticSegmentation/domain_adaptation/IDD_20k/gtFine/train/63/042039_gtFine_labellevel3Ids.png,1,1,0,0,1,1,1,0,1,1,1,0,1,0,0,0,0,1,0,0,1,1,1,0,1,1
/raid/datasets/SemanticSegmentation/domain_adaptation/IDD_20k/gtFine/train/63/060156_gtFine_labellevel3Ids.png,1,1,0,1,0,1,1,0,0,1,1,1,1,1,0,0,0,1,0,1,1,1,1,0,1,1
/raid/datasets/SemanticSegmentation/domain_adaptation/IDD_20k/gtFine/train/63/472847_gtFine_labellevel3Ids.png,1,1,0,0,1,1,1,0,1,1,0,1,1,0,1,0,0,1,0,0,1,1,1,0,1,1
/raid/datasets/SemanticSegmentation/domain_adaptation/IDD_20k/gtFine/train/63/479400_gtFine_labellevel3Ids.png,1,1,0,0,1,1,1,0,0,1,1,0,0,0,1,0,0,1,0,0,1,1,1,0,1,1
/raid/datasets/SemanticSegmentation/domain_adaptation/IDD_20k/gtFine/train/63/481240_gtFine_labellevel3Ids.png,1,1,0,1,1,1,1,0,1,1,0,0,0,0,1,1,0,1,0,0,1,1,1,0,1,1
/raid/datasets/SemanticSegmentation/domain_adaptation/IDD_20k/gtFine/train/63/489975_gtFine_labellevel3Ids.png,1,1,0,0,1,1,1,0,0,1,0,0,0,1,1,1,0,1,0,0,1,1,1,0,1,1
/raid/datasets/SemanticSegmentation/domain_adaptation/IDD_20k/gtFine/train/63/557371_gtFine_labellevel3Ids.png,1,1,0,0,0,1,1,0,0,1,0,0,1,0,1,0,0,1,0,0,1,1,1,0,1,1
/raid/datasets/SemanticSegmentation/domain_adaptation/IDD_20k/gtFine/train/63/609369_gtFine_labellevel3Ids.png,1,1,0,0,1,1,1,1,1,1,1,0,1,0,1,1,0,1,0,0,1,1,1,0,1,1
/raid/datasets/SemanticSegmentation/domain_adaptation/IDD_20k/gtFine/train/63/767526_gtFine_labellevel3Ids.png,1,1,0,0,1,0,1,0,0,1,0,1,1,0,1,0,0,1,0,0,1,1,1,0,1,1
/raid/datasets/SemanticSegmentation/domain_adaptation/IDD_20k/gtFine/train/63/774068_gtFine_labellevel3Ids.png,1,1,0,0,1,1,1,0,0,1,1,0,0,0,1,0,0,1,0,0,1,1,1,0,1,1
/raid/datasets/SemanticSegmentation/domain_adaptation/IDD_20k/gtFine/train/63/780614_gtFine_labellevel3Ids.png,1,1,0,0,1,1,1,0,0,1,0,0,1,0,1,1,0,1,0,0,1,1,1,0,1,1
/raid/datasets/SemanticSegmentation/domain_adaptation/IDD_20k/gtFine/train/63/892231_gtFine_labellevel3Ids.png,1,1,0,1,1,1,0,0,0,1,0,0,0,1,1,0,0,1,0,0,1,1,1,0,1,1
/raid/datasets/SemanticSegmentation/domain_adaptation/IDD_20k/gtFine/train/63/972227_gtFine_labellevel3Ids.png,1,1,0,0,1,1,1,0,0,0,1,0,1,0,0,0,0,1,0,0,1,1,1,0,1,1
/raid/datasets/SemanticSegmentation/domain_adaptation/IDD_20k/gtFine/train/64/674137_gtFine_labellevel3Ids.png,1,1,0,1,1,1,1,0,0,0,1,1,1,0,1,1,0,1,0,0,1,1,1,0,1,1
/raid/datasets/SemanticSegmentation/domain_adaptation/IDD_20k/gtFine/train/64/752501_gtFine_labellevel3Ids.png,1,1,0,1,0,1,1,0,0,0,1,1,0,0,1,0,0,0,0,0,1,1,0,0,1,1
/raid/datasets/SemanticSegmentation/domain_adaptation/IDD_20k/gtFine/train/65/466908_gtFine_labellevel3Ids.png,1,1,0,0,1,1,1,0,1,1,0,0,1,0,1,0,0,1,0,0,1,1,1,0,1,1
/raid/datasets/SemanticSegmentation/domain_adaptation/IDD_20k/gtFine/train/65/524537_gtFine_labellevel3Ids.png,1,1,0,1,1,1,1,0,0,1,1,0,0,0,1,0,0,1,0,0,1,1,1,0,1,1
/raid/datasets/SemanticSegmentation/domain_adaptation/IDD_20k/gtFine/train/65/631795_gtFine_labellevel3Ids.png,1,1,0,0,1,1,1,0,0,1,1,0,1,0,0,0,0,1,0,0,1,1,1,0,1,1
/raid/datasets/SemanticSegmentation/domain_adaptation/IDD_20k/gtFine/train/65/873873_gtFine_labellevel3Ids.png,1,1,0,0,1,1,1,0,1,1,0,1,1,0,1,0,0,1,0,0,1,1,1,0,1,1
/raid/datasets/SemanticSegmentation/domain_adaptation/IDD_20k/gtFine/train/68/009076_gtFine_labellevel3Ids.png,1,1,1,0,1,1,1,0,1,1,1,1,1,0,0,0,0,1,0,0,1,1,1,0,1,1
/raid/datasets/SemanticSegmentation/domain_adaptation/IDD_20k/gtFine/train/70/120631_gtFine_labellevel3Ids.png,1,1,1,0,1,1,1,0,0,1,1,0,0,0,1,0,0,1,0,0,1,1,0,0,1,1
/raid/datasets/SemanticSegmentation/domain_adaptation/IDD_20k/gtFine/train/70/134889_gtFine_labellevel3Ids.png,1,1,1,0,1,1,1,0,0,1,0,0,0,0,1,0,0,1,0,0,1,1,0,0,1,1
/raid/datasets/SemanticSegmentation/domain_adaptation/IDD_20k/gtFine/train/70/627063_gtFine_labellevel3Ids.png,1,1,1,1,1,1,1,0,0,1,0,0,0,0,1,0,0,0,0,0,1,1,1,0,1,1
/raid/datasets/SemanticSegmentation/domain_adaptation/IDD_20k/gtFine/train/70/636168_gtFine_labellevel3Ids.png,1,1,0,1,0,1,1,0,1,1,1,1,0,1,1,0,0,0,1,0,1,1,1,0,1,1
/raid/datasets/SemanticSegmentation/domain_adaptation/IDD_20k/gtFine/train/75/086967_gtFine_labellevel3Ids.png,1,0,0,1,0,0,0,0,0,1,1,1,0,1,0,0,0,1,0,0,1,1,1,0,1,1
/raid/datasets/SemanticSegmentation/domain_adaptation/IDD_20k/gtFine/train/75/512310_gtFine_labellevel3Ids.png,1,0,0,1,0,0,0,0,0,1,0,1,0,1,0,0,0,1,0,0,1,1,1,0,1,1
/raid/datasets/SemanticSegmentation/domain_adaptation/IDD_20k/gtFine/train/75/689762_gtFine_labellevel3Ids.png,1,0,0,0,0,1,0,0,1,1,1,1,1,0,1,0,0,1,0,0,1,1,1,0,1,1
/raid/datasets/SemanticSegmentation/domain_adaptation/IDD_20k/gtFine/train/76/591316_gtFine_labellevel3Ids.png,1,0,0,0,0,0,0,0,0,1,1,1,1,0,0,1,1,0,1,0,1,1,0,0,1,1
/raid/datasets/SemanticSegmentation/domain_adaptation/IDD_20k/gtFine/train/77/228838_gtFine_labellevel3Ids.png,1,1,0,0,1,1,1,0,1,1,1,0,0,0,0,0,0,1,0,0,1,1,1,0,1,1
/raid/datasets/SemanticSegmentation/domain_adaptation/IDD_20k/gtFine/train/77/352631_gtFine_labellevel3Ids.png,1,1,1,1,1,1,1,0,0,1,1,0,0,0,1,1,0,1,1,0,1,1,1,0,1,1
/raid/datasets/SemanticSegmentation/domain_adaptation/IDD_20k/gtFine/train/77/746094_gtFine_labellevel3Ids.png,1,1,1,1,0,1,1,0,1,1,1,0,0,1,0,1,0,1,0,0,1,1,1,0,1,1
/raid/datasets/SemanticSegmentation/domain_adaptation/IDD_20k/gtFine/train/78/469508_gtFine_labellevel3Ids.png,1,1,0,1,1,1,1,1,0,0,0,0,1,0,1,0,0,1,0,0,1,1,1,0,1,1
/raid/datasets/SemanticSegmentation/domain_adaptation/IDD_20k/gtFine/train/79/013186_gtFine_labellevel3Ids.png,1,0,1,1,1,1,1,0,0,1,0,0,1,0,1,1,0,1,0,0,1,1,1,0,1,1
/raid/datasets/SemanticSegmentation/domain_adaptation/IDD_20k/gtFine/train/79/011154_gtFine_labellevel3Ids.png,1,1,1,1,1,1,1,0,1,1,1,0,1,0,1,1,0,1,0,0,1,1,1,0,1,1
/raid/datasets/SemanticSegmentation/domain_adaptation/IDD_20k/gtFine/train/80/166100_gtFine_labellevel3Ids.png,0,1,0,1,1,0,0,0,0,0,0,0,0,0,0,0,0,0,0,0,1,1,0,0,1,1
/raid/datasets/SemanticSegmentation/domain_adaptation/IDD_20k/gtFine/train/80/529128_gtFine_labellevel3Ids.png,1,1,0,1,1,1,1,0,1,1,1,1,0,1,0,0,0,1,0,0,1,1,1,0,1,1
/raid/datasets/SemanticSegmentation/domain_adaptation/IDD_20k/gtFine/train/80/920286_gtFine_labellevel3Ids.png,1,1,0,1,1,0,1,0,0,1,1,1,0,0,0,1,0,1,0,0,1,1,1,0,1,1
/raid/datasets/SemanticSegmentation/domain_adaptation/IDD_20k/gtFine/train/80/960296_gtFine_labellevel3Ids.png,1,1,0,1,0,1,1,0,1,1,1,0,1,0,0,1,0,0,0,0,1,1,0,0,1,1
/raid/datasets/SemanticSegmentation/domain_adaptation/IDD_20k/gtFine/train/80/968748_gtFine_labellevel3Ids.png,0,1,0,1,0,1,0,1,0,0,0,0,0,0,0,0,0,0,0,0,1,1,1,0,1,1
/raid/datasets/SemanticSegmentation/domain_adaptation/IDD_20k/gtFine/train/81/148666_gtFine_labellevel3Ids.png,1,1,0,0,0,0,0,0,0,1,1,1,0,1,0,0,1,1,0,0,1,1,1,0,1,1
/raid/datasets/SemanticSegmentation/domain_adaptation/IDD_20k/gtFine/train/81/901394_gtFine_labellevel3Ids.png,1,1,0,0,0,1,1,0,1,0,1,1,1,1,1,0,0,1,0,0,1,1,1,0,1,1
/raid/datasets/SemanticSegmentation/domain_adaptation/IDD_20k/gtFine/train/85/002299_gtFine_labellevel3Ids.png,1,1,0,0,1,0,1,0,0,1,1,0,0,0,1,0,0,1,0,0,1,1,1,0,1,1
/raid/datasets/SemanticSegmentation/domain_adaptation/IDD_20k/gtFine/train/85/003050_gtFine_labellevel3Ids.png,1,1,0,0,1,1,1,0,1,1,1,0,0,0,1,0,0,1,0,0,1,1,1,0,1,1
/raid/datasets/SemanticSegmentation/domain_adaptation/IDD_20k/gtFine/train/85/034219_gtFine_labellevel3Ids.png,1,1,0,0,1,0,1,0,1,1,1,0,0,0,0,0,0,0,0,0,1,1,1,0,1,1
/raid/datasets/SemanticSegmentation/domain_adaptation/IDD_20k/gtFine/train/85/170540_gtFine_labellevel3Ids.png,1,1,1,1,1,1,1,0,0,1,0,0,0,0,1,0,0,1,0,0,0,1,1,0,1,1
/raid/datasets/SemanticSegmentation/domain_adaptation/IDD_20k/gtFine/train/85/364776_gtFine_labellevel3Ids.png,1,1,1,0,1,0,1,0,1,1,0,1,1,0,1,0,0,0,0,0,1,1,1,0,1,1
/raid/datasets/SemanticSegmentation/domain_adaptation/IDD_20k/gtFine/train/85/428526_gtFine_labellevel3Ids.png,1,1,0,1,1,1,1,0,1,1,0,0,1,1,1,0,0,1,0,0,1,1,1,0,1,1
/raid/datasets/SemanticSegmentation/domain_adaptation/IDD_20k/gtFine/train/85/458200_gtFine_labellevel3Ids.png,1,1,0,0,1,1,1,1,0,0,1,0,0,0,1,0,0,1,0,0,1,1,1,0,1,1
/raid/datasets/SemanticSegmentation/domain_adaptation/IDD_20k/gtFine/train/85/934283_gtFine_labellevel3Ids.png,1,1,1,0,1,1,1,0,0,1,1,0,0,0,1,1,0,0,0,0,1,1,1,0,1,1
/raid/datasets/SemanticSegmentation/domain_adaptation/IDD_20k/gtFine/train/86/063193_gtFine_labellevel3Ids.png,1,1,0,1,0,1,1,0,0,1,0,0,0,1,1,1,0,1,0,0,1,1,1,0,1,1
/raid/datasets/SemanticSegmentation/domain_adaptation/IDD_20k/gtFine/train/87/385975_gtFine_labellevel3Ids.png,1,1,1,0,1,1,1,0,1,1,1,0,1,1,0,0,0,1,0,0,1,1,1,0,1,1
/raid/datasets/SemanticSegmentation/domain_adaptation/IDD_20k/gtFine/train/87/575571_gtFine_labellevel3Ids.png,1,1,1,1,1,1,1,0,1,1,1,0,1,0,1,0,0,1,1,0,1,1,1,0,1,1
/raid/datasets/SemanticSegmentation/domain_adaptation/IDD_20k/gtFine/train/87/632409_gtFine_labellevel3Ids.png,1,1,0,0,1,1,1,0,1,1,0,0,0,0,1,1,0,1,0,0,1,1,1,0,1,1
/raid/datasets/SemanticSegmentation/domain_adaptation/IDD_20k/gtFine/train/87/643550_gtFine_labellevel3Ids.png,1,1,0,0,1,1,1,0,0,1,0,0,1,0,1,1,0,1,0,0,1,1,1,0,1,1
/raid/datasets/SemanticSegmentation/domain_adaptation/IDD_20k/gtFine/train/93/004952_gtFine_labellevel3Ids.png,0,1,0,0,0,0,0,0,0,0,1,0,0,1,1,0,0,1,0,0,1,1,1,0,1,1
/raid/datasets/SemanticSegmentation/domain_adaptation/IDD_20k/gtFine/train/93/006247_gtFine_labellevel3Ids.png,1,1,0,1,0,1,1,0,0,0,1,0,1,0,0,0,0,0,0,0,1,1,1,0,1,1
/raid/datasets/SemanticSegmentation/domain_adaptation/IDD_20k/gtFine/train/93/025826_gtFine_labellevel3Ids.png,1,1,0,1,1,1,1,0,0,1,1,0,1,1,1,0,0,1,0,0,1,1,1,0,1,1
/raid/datasets/SemanticSegmentation/domain_adaptation/IDD_20k/gtFine/train/94/049760_gtFine_labellevel3Ids.png,1,0,1,1,0,1,1,0,0,1,0,0,0,0,0,0,0,1,0,0,1,1,1,0,1,1
/raid/datasets/SemanticSegmentation/domain_adaptation/IDD_20k/gtFine/train/94/127126_gtFine_labellevel3Ids.png,1,0,1,1,0,1,1,0,0,0,1,0,0,0,0,0,0,1,1,0,1,1,1,0,1,1
/raid/datasets/SemanticSegmentation/domain_adaptation/IDD_20k/gtFine/train/94/136105_gtFine_labellevel3Ids.png,1,0,1,1,0,1,1,0,0,0,1,0,0,0,0,0,0,1,1,0,1,1,1,0,1,1
/raid/datasets/SemanticSegmentation/domain_adaptation/IDD_20k/gtFine/train/94/201129_gtFine_labellevel3Ids.png,1,0,1,1,1,1,1,0,0,0,0,0,0,0,0,0,0,1,1,0,1,1,1,0,1,1
/raid/datasets/SemanticSegmentation/domain_adaptation/IDD_20k/gtFine/train/94/372658_gtFine_labellevel3Ids.png,1,1,1,1,1,1,1,0,0,0,1,0,0,0,0,0,0,1,1,0,1,1,1,0,1,1
/raid/datasets/SemanticSegmentation/domain_adaptation/IDD_20k/gtFine/train/94/707117_gtFine_labellevel3Ids.png,1,0,1,1,0,1,1,0,0,0,1,0,0,0,0,0,0,1,1,0,1,1,0,0,1,1
/raid/datasets/SemanticSegmentation/domain_adaptation/IDD_20k/gtFine/train/95/836587_gtFine_labellevel3Ids.png,1,0,1,0,1,1,1,0,1,1,1,0,1,1,1,1,0,1,1,0,1,1,1,0,1,1
/raid/datasets/SemanticSegmentation/domain_adaptation/IDD_20k/gtFine/train/96/288843_gtFine_labellevel3Ids.png,1,0,1,1,1,1,1,0,1,1,0,1,1,1,1,0,0,1,1,0,1,1,1,1,1,1
/raid/datasets/SemanticSegmentation/domain_adaptation/IDD_20k/gtFine/train/96/394101_gtFine_labellevel3Ids.png,1,0,1,0,1,1,1,0,1,1,1,1,0,1,0,0,0,1,0,0,1,1,0,1,1,1
/raid/datasets/SemanticSegmentation/domain_adaptation/IDD_20k/gtFine/train/96/444933_gtFine_labellevel3Ids.png,1,1,0,1,0,1,1,0,1,1,1,1,0,0,1,1,0,0,0,0,1,1,0,0,1,1
/raid/datasets/SemanticSegmentation/domain_adaptation/IDD_20k/gtFine/train/96/648418_gtFine_labellevel3Ids.png,1,1,1,0,0,1,1,0,1,1,1,1,0,1,1,1,0,1,1,0,1,1,0,0,1,1
/raid/datasets/SemanticSegmentation/domain_adaptation/IDD_20k/gtFine/train/96/744574_gtFine_labellevel3Ids.png,1,1,0,0,0,1,1,0,1,1,1,1,1,1,1,1,0,0,0,0,1,1,0,0,1,1
/raid/datasets/SemanticSegmentation/domain_adaptation/IDD_20k/gtFine/train/96/759669_gtFine_labellevel3Ids.png,1,1,0,0,1,1,1,0,1,1,1,1,0,1,1,0,0,1,1,0,1,1,1,0,1,1
/raid/datasets/SemanticSegmentation/domain_adaptation/IDD_20k/gtFine/train/96/809964_gtFine_labellevel3Ids.png,1,1,0,0,0,1,1,0,1,1,1,1,1,1,1,1,0,0,0,0,1,1,0,0,1,1
/raid/datasets/SemanticSegmentation/domain_adaptation/IDD_20k/gtFine/train/96/917332_gtFine_labellevel3Ids.png,1,1,1,1,0,1,1,0,1,1,1,1,0,1,1,1,0,0,0,0,1,1,0,0,1,1
/raid/datasets/SemanticSegmentation/domain_adaptation/IDD_20k/gtFine/train/98/906223_gtFine_labellevel3Ids.png,1,1,0,0,0,1,0,0,1,1,1,0,1,0,1,0,0,1,0,0,1,1,1,0,0,1
